
Lab8.elf:     file format elf32-avr

Sections:
Idx Name          Size      VMA       LMA       File off  Algn
  0 .data         00000012  00800100  00001fd6  0000206a  2**0
                  CONTENTS, ALLOC, LOAD, DATA
  1 .text         00001fd6  00000000  00000000  00000094  2**1
                  CONTENTS, ALLOC, LOAD, READONLY, CODE
  2 .bss          0000025b  00800112  00800112  0000207c  2**0
                  ALLOC
  3 .comment      00000030  00000000  00000000  0000207c  2**0
                  CONTENTS, READONLY
  4 .note.gnu.avr.deviceinfo 00000040  00000000  00000000  000020ac  2**2
                  CONTENTS, READONLY
  5 .debug_aranges 00000450  00000000  00000000  000020ec  2**0
                  CONTENTS, READONLY, DEBUGGING
  6 .debug_info   00004fec  00000000  00000000  0000253c  2**0
                  CONTENTS, READONLY, DEBUGGING
  7 .debug_abbrev 0000130a  00000000  00000000  00007528  2**0
                  CONTENTS, READONLY, DEBUGGING
  8 .debug_line   00002cf4  00000000  00000000  00008832  2**0
                  CONTENTS, READONLY, DEBUGGING
  9 .debug_frame  00000c90  00000000  00000000  0000b528  2**2
                  CONTENTS, READONLY, DEBUGGING
 10 .debug_str    0000186e  00000000  00000000  0000c1b8  2**0
                  CONTENTS, READONLY, DEBUGGING
 11 .debug_loc    000047ea  00000000  00000000  0000da26  2**0
                  CONTENTS, READONLY, DEBUGGING
 12 .debug_ranges 00000418  00000000  00000000  00012210  2**0
                  CONTENTS, READONLY, DEBUGGING

Disassembly of section .text:

00000000 <__vectors>:
       0:	0c 94 93 00 	jmp	0x126	; 0x126 <__ctors_end>
       4:	0c 94 b0 00 	jmp	0x160	; 0x160 <__bad_interrupt>
       8:	0c 94 b0 00 	jmp	0x160	; 0x160 <__bad_interrupt>
       c:	0c 94 b0 00 	jmp	0x160	; 0x160 <__bad_interrupt>
      10:	0c 94 b0 00 	jmp	0x160	; 0x160 <__bad_interrupt>
      14:	0c 94 b0 00 	jmp	0x160	; 0x160 <__bad_interrupt>
      18:	0c 94 b0 00 	jmp	0x160	; 0x160 <__bad_interrupt>
      1c:	0c 94 79 02 	jmp	0x4f2	; 0x4f2 <__vector_7>
      20:	0c 94 b0 00 	jmp	0x160	; 0x160 <__bad_interrupt>
      24:	0c 94 b0 00 	jmp	0x160	; 0x160 <__bad_interrupt>
      28:	0c 94 b0 00 	jmp	0x160	; 0x160 <__bad_interrupt>
      2c:	0c 94 b0 00 	jmp	0x160	; 0x160 <__bad_interrupt>
      30:	0c 94 b0 00 	jmp	0x160	; 0x160 <__bad_interrupt>
      34:	0c 94 b0 00 	jmp	0x160	; 0x160 <__bad_interrupt>
      38:	0c 94 b0 00 	jmp	0x160	; 0x160 <__bad_interrupt>
      3c:	0c 94 b0 00 	jmp	0x160	; 0x160 <__bad_interrupt>
      40:	0c 94 b0 00 	jmp	0x160	; 0x160 <__bad_interrupt>
      44:	0c 94 b0 00 	jmp	0x160	; 0x160 <__bad_interrupt>
      48:	0c 94 b0 00 	jmp	0x160	; 0x160 <__bad_interrupt>
      4c:	0c 94 b0 00 	jmp	0x160	; 0x160 <__bad_interrupt>
      50:	0c 94 b0 00 	jmp	0x160	; 0x160 <__bad_interrupt>
      54:	0c 94 b0 00 	jmp	0x160	; 0x160 <__bad_interrupt>
      58:	0c 94 b0 00 	jmp	0x160	; 0x160 <__bad_interrupt>

0000005c <__trampolines_end>:
      5c:	45 52       	subi	r20, 0x25	; 37
      5e:	52 3a       	cpi	r21, 0xA2	; 162
      60:	52 54       	subi	r21, 0x42	; 66
      62:	4f 53       	subi	r20, 0x3F	; 63
      64:	0d 0a       	sbc	r0, r29
	...

00000067 <__c.2225>:
      67:	3d 3d 3d 4c 61 62 38 20 46 72 65 65 52 54 4f 53     ===Lab8 FreeRTOS
      77:	3d 3d 3d 0d 0a 00                                   ===...

0000007d <__c.2219>:
      7d:	5b 4d 54 52 5d 20 53 54 4f 50 50 45 44 0d 0a 00     [MTR] STOPPED...

0000008d <__c.2217>:
      8d:	5b 4d 54 52 5d 20 46 4f 52 57 41 52 44 0d 0a 00     [MTR] FORWARD...

0000009d <__c.2210>:
      9d:	0d 0a 00                                            ...

000000a0 <__c.2208>:
      a0:	20 5b 4f 56 52 5d 00                                 [OVR].

000000a7 <__c.2206>:
      a7:	53 54 4f 50 00                                      STOP.

000000ac <__c.2204>:
      ac:	46 57 44 00                                         FWD.

000000b0 <__c.2202>:
      b0:	43 20 00                                            C .

000000b3 <__c.2200>:
      b3:	5b 54 4d 50 5d 20 54 3d 00                          [TMP] T=.

000000bc <__c.2192>:
      bc:	5b 42 75 74 74 6f 6e 5d 20 50 72 65 73 73 65 64     [Button] Pressed
      cc:	20 2d 3e 4f 56 52 52 49 44 45 20 4f 46 46 3a 74      ->OVRRIDE OFF:t
      dc:	65 6d 70 65 72 61 74 75 72 20 43 6f 6e 74 72 6f     emperatur Contro
      ec:	6c 20 0d 0a 00                                      l ...

000000f1 <__c.2190>:
      f1:	5b 42 75 74 74 6f 6e 5d 20 4f 70 65 6e 65 64 20     [Button] Opened 
     101:	2d 3e 4f 56 52 52 69 64 65 20 4f 4e 20 3a 5b 4d     ->OVRRide ON :[M
     111:	6f 74 6f 72 20 53 74 61 74 65 5d 20 3a 20 53 54     otor State] : ST
     121:	4f 50 0d 0a 00                                      OP...

00000126 <__ctors_end>:
     126:	11 24       	eor	r1, r1
     128:	1f be       	out	0x3f, r1	; 63
     12a:	cf ef       	ldi	r28, 0xFF	; 255
     12c:	d4 e0       	ldi	r29, 0x04	; 4
     12e:	de bf       	out	0x3e, r29	; 62
     130:	cd bf       	out	0x3d, r28	; 61

00000132 <__do_copy_data>:
     132:	11 e0       	ldi	r17, 0x01	; 1
     134:	a0 e0       	ldi	r26, 0x00	; 0
     136:	b1 e0       	ldi	r27, 0x01	; 1
     138:	e6 ed       	ldi	r30, 0xD6	; 214
     13a:	ff e1       	ldi	r31, 0x1F	; 31
     13c:	02 c0       	rjmp	.+4      	; 0x142 <__do_copy_data+0x10>
     13e:	05 90       	lpm	r0, Z+
     140:	0d 92       	st	X+, r0
     142:	a2 31       	cpi	r26, 0x12	; 18
     144:	b1 07       	cpc	r27, r17
     146:	d9 f7       	brne	.-10     	; 0x13e <__do_copy_data+0xc>

00000148 <__do_clear_bss>:
     148:	23 e0       	ldi	r18, 0x03	; 3
     14a:	a2 e1       	ldi	r26, 0x12	; 18
     14c:	b1 e0       	ldi	r27, 0x01	; 1
     14e:	01 c0       	rjmp	.+2      	; 0x152 <.do_clear_bss_start>

00000150 <.do_clear_bss_loop>:
     150:	1d 92       	st	X+, r1

00000152 <.do_clear_bss_start>:
     152:	ad 36       	cpi	r26, 0x6D	; 109
     154:	b2 07       	cpc	r27, r18
     156:	e1 f7       	brne	.-8      	; 0x150 <.do_clear_bss_loop>
     158:	0e 94 e5 0e 	call	0x1dca	; 0x1dca <main>
     15c:	0c 94 e9 0f 	jmp	0x1fd2	; 0x1fd2 <_exit>

00000160 <__bad_interrupt>:
     160:	0c 94 00 00 	jmp	0	; 0x0 <__vectors>

00000164 <vListInitialise>:
    pxNewListItem->pxContainer = pxList;

    ( pxList->uxNumberOfItems ) = ( UBaseType_t ) ( pxList->uxNumberOfItems + 1U );

    traceRETURN_vListInsertEnd();
}
     164:	fc 01       	movw	r30, r24
     166:	03 96       	adiw	r24, 0x03	; 3
     168:	92 83       	std	Z+2, r25	; 0x02
     16a:	81 83       	std	Z+1, r24	; 0x01
     16c:	2f ef       	ldi	r18, 0xFF	; 255
     16e:	3f ef       	ldi	r19, 0xFF	; 255
     170:	34 83       	std	Z+4, r19	; 0x04
     172:	23 83       	std	Z+3, r18	; 0x03
     174:	96 83       	std	Z+6, r25	; 0x06
     176:	85 83       	std	Z+5, r24	; 0x05
     178:	90 87       	std	Z+8, r25	; 0x08
     17a:	87 83       	std	Z+7, r24	; 0x07
     17c:	10 82       	st	Z, r1
     17e:	08 95       	ret

00000180 <vListInitialiseItem>:
     180:	fc 01       	movw	r30, r24
     182:	11 86       	std	Z+9, r1	; 0x09
     184:	10 86       	std	Z+8, r1	; 0x08
     186:	08 95       	ret

00000188 <vListInsert>:
/*-----------------------------------------------------------*/

void vListInsert( List_t * const pxList,
                  ListItem_t * const pxNewListItem )
{
     188:	cf 93       	push	r28
     18a:	df 93       	push	r29
     18c:	eb 01       	movw	r28, r22
    ListItem_t * pxIterator;
    const TickType_t xValueOfInsertion = pxNewListItem->xItemValue;
     18e:	48 81       	ld	r20, Y
     190:	59 81       	ldd	r21, Y+1	; 0x01
     * new list item should be placed after it.  This ensures that TCBs which are
     * stored in ready lists (all of which have the same xItemValue value) get a
     * share of the CPU.  However, if the xItemValue is the same as the back marker
     * the iteration loop below will not end.  Therefore the value is checked
     * first, and the algorithm slightly modified if necessary. */
    if( xValueOfInsertion == portMAX_DELAY )
     192:	4f 3f       	cpi	r20, 0xFF	; 255
     194:	2f ef       	ldi	r18, 0xFF	; 255
     196:	52 07       	cpc	r21, r18
     198:	21 f4       	brne	.+8      	; 0x1a2 <vListInsert+0x1a>
    {
        pxIterator = pxList->xListEnd.pxPrevious;
     19a:	fc 01       	movw	r30, r24
     19c:	a7 81       	ldd	r26, Z+7	; 0x07
     19e:	b0 85       	ldd	r27, Z+8	; 0x08
     1a0:	0d c0       	rjmp	.+26     	; 0x1bc <vListInsert+0x34>
        *   5) If the FreeRTOS port supports interrupt nesting then ensure that
        *      the priority of the tick interrupt is at or below
        *      configMAX_SYSCALL_INTERRUPT_PRIORITY.
        **********************************************************************/

        for( pxIterator = ( ListItem_t * ) &( pxList->xListEnd ); pxIterator->pxNext->xItemValue <= xValueOfInsertion; pxIterator = pxIterator->pxNext )
     1a2:	dc 01       	movw	r26, r24
     1a4:	13 96       	adiw	r26, 0x03	; 3
     1a6:	01 c0       	rjmp	.+2      	; 0x1aa <vListInsert+0x22>
     1a8:	df 01       	movw	r26, r30
     1aa:	12 96       	adiw	r26, 0x02	; 2
     1ac:	ed 91       	ld	r30, X+
     1ae:	fc 91       	ld	r31, X
     1b0:	13 97       	sbiw	r26, 0x03	; 3
     1b2:	20 81       	ld	r18, Z
     1b4:	31 81       	ldd	r19, Z+1	; 0x01
     1b6:	42 17       	cp	r20, r18
     1b8:	53 07       	cpc	r21, r19
     1ba:	b0 f7       	brcc	.-20     	; 0x1a8 <vListInsert+0x20>
            /* There is nothing to do here, just iterating to the wanted
             * insertion position. */
        }
    }

    pxNewListItem->pxNext = pxIterator->pxNext;
     1bc:	12 96       	adiw	r26, 0x02	; 2
     1be:	ed 91       	ld	r30, X+
     1c0:	fc 91       	ld	r31, X
     1c2:	13 97       	sbiw	r26, 0x03	; 3
     1c4:	fb 83       	std	Y+3, r31	; 0x03
     1c6:	ea 83       	std	Y+2, r30	; 0x02
    pxNewListItem->pxNext->pxPrevious = pxNewListItem;
     1c8:	d5 83       	std	Z+5, r29	; 0x05
     1ca:	c4 83       	std	Z+4, r28	; 0x04
    pxNewListItem->pxPrevious = pxIterator;
     1cc:	bd 83       	std	Y+5, r27	; 0x05
     1ce:	ac 83       	std	Y+4, r26	; 0x04
    pxIterator->pxNext = pxNewListItem;
     1d0:	13 96       	adiw	r26, 0x03	; 3
     1d2:	dc 93       	st	X, r29
     1d4:	ce 93       	st	-X, r28
     1d6:	12 97       	sbiw	r26, 0x02	; 2

    /* Remember which list the item is in.  This allows fast removal of the
     * item later. */
    pxNewListItem->pxContainer = pxList;
     1d8:	99 87       	std	Y+9, r25	; 0x09
     1da:	88 87       	std	Y+8, r24	; 0x08

    ( pxList->uxNumberOfItems ) = ( UBaseType_t ) ( pxList->uxNumberOfItems + 1U );
     1dc:	fc 01       	movw	r30, r24
     1de:	20 81       	ld	r18, Z
     1e0:	2f 5f       	subi	r18, 0xFF	; 255
     1e2:	20 83       	st	Z, r18

    traceRETURN_vListInsert();
}
     1e4:	df 91       	pop	r29
     1e6:	cf 91       	pop	r28
     1e8:	08 95       	ret

000001ea <uxListRemove>:
/*-----------------------------------------------------------*/


UBaseType_t uxListRemove( ListItem_t * const pxItemToRemove )
{
     1ea:	cf 93       	push	r28
     1ec:	df 93       	push	r29
     1ee:	fc 01       	movw	r30, r24
    /* The list item knows which list it is in.  Obtain the list from the list
     * item. */
    List_t * const pxList = pxItemToRemove->pxContainer;
     1f0:	a0 85       	ldd	r26, Z+8	; 0x08
     1f2:	b1 85       	ldd	r27, Z+9	; 0x09

    traceENTER_uxListRemove( pxItemToRemove );

    pxItemToRemove->pxNext->pxPrevious = pxItemToRemove->pxPrevious;
     1f4:	c2 81       	ldd	r28, Z+2	; 0x02
     1f6:	d3 81       	ldd	r29, Z+3	; 0x03
     1f8:	84 81       	ldd	r24, Z+4	; 0x04
     1fa:	95 81       	ldd	r25, Z+5	; 0x05
     1fc:	9d 83       	std	Y+5, r25	; 0x05
     1fe:	8c 83       	std	Y+4, r24	; 0x04
    pxItemToRemove->pxPrevious->pxNext = pxItemToRemove->pxNext;
     200:	c4 81       	ldd	r28, Z+4	; 0x04
     202:	d5 81       	ldd	r29, Z+5	; 0x05
     204:	82 81       	ldd	r24, Z+2	; 0x02
     206:	93 81       	ldd	r25, Z+3	; 0x03
     208:	9b 83       	std	Y+3, r25	; 0x03
     20a:	8a 83       	std	Y+2, r24	; 0x02

    /* Only used during decision coverage testing. */
    mtCOVERAGE_TEST_DELAY();

    /* Make sure the index is left pointing to a valid item. */
    if( pxList->pxIndex == pxItemToRemove )
     20c:	11 96       	adiw	r26, 0x01	; 1
     20e:	8d 91       	ld	r24, X+
     210:	9c 91       	ld	r25, X
     212:	12 97       	sbiw	r26, 0x02	; 2
     214:	e8 17       	cp	r30, r24
     216:	f9 07       	cpc	r31, r25
     218:	31 f4       	brne	.+12     	; 0x226 <__EEPROM_REGION_LENGTH__+0x26>
    {
        pxList->pxIndex = pxItemToRemove->pxPrevious;
     21a:	84 81       	ldd	r24, Z+4	; 0x04
     21c:	95 81       	ldd	r25, Z+5	; 0x05
     21e:	12 96       	adiw	r26, 0x02	; 2
     220:	9c 93       	st	X, r25
     222:	8e 93       	st	-X, r24
     224:	11 97       	sbiw	r26, 0x01	; 1
    else
    {
        mtCOVERAGE_TEST_MARKER();
    }

    pxItemToRemove->pxContainer = NULL;
     226:	11 86       	std	Z+9, r1	; 0x09
     228:	10 86       	std	Z+8, r1	; 0x08
    ( pxList->uxNumberOfItems ) = ( UBaseType_t ) ( pxList->uxNumberOfItems - 1U );
     22a:	8c 91       	ld	r24, X
     22c:	81 50       	subi	r24, 0x01	; 1
     22e:	8c 93       	st	X, r24

    traceRETURN_uxListRemove( pxList->uxNumberOfItems );

    return pxList->uxNumberOfItems;
}
     230:	df 91       	pop	r29
     232:	cf 91       	pop	r28
     234:	08 95       	ret

00000236 <prvSetupTimerInterrupt>:
    return pdTRUE;
}
/*-----------------------------------------------------------*/

void vPortEndScheduler( void )
{
     236:	10 92 89 00 	sts	0x0089, r1	; 0x800089 <__TEXT_REGION_LENGTH__+0x7fc089>
     23a:	8c e7       	ldi	r24, 0x7C	; 124
     23c:	80 93 88 00 	sts	0x0088, r24	; 0x800088 <__TEXT_REGION_LENGTH__+0x7fc088>
     240:	8b e0       	ldi	r24, 0x0B	; 11
     242:	80 93 81 00 	sts	0x0081, r24	; 0x800081 <__TEXT_REGION_LENGTH__+0x7fc081>
     246:	ef e6       	ldi	r30, 0x6F	; 111
     248:	f0 e0       	ldi	r31, 0x00	; 0
     24a:	80 81       	ld	r24, Z
     24c:	82 60       	ori	r24, 0x02	; 2
     24e:	80 83       	st	Z, r24
     250:	08 95       	ret

00000252 <pxPortInitialiseStack>:
     252:	31 e1       	ldi	r19, 0x11	; 17
     254:	fc 01       	movw	r30, r24
     256:	30 83       	st	Z, r19
     258:	31 97       	sbiw	r30, 0x01	; 1
     25a:	22 e2       	ldi	r18, 0x22	; 34
     25c:	20 83       	st	Z, r18
     25e:	31 97       	sbiw	r30, 0x01	; 1
     260:	a3 e3       	ldi	r26, 0x33	; 51
     262:	a0 83       	st	Z, r26
     264:	31 97       	sbiw	r30, 0x01	; 1
     266:	60 83       	st	Z, r22
     268:	31 97       	sbiw	r30, 0x01	; 1
     26a:	70 83       	st	Z, r23
     26c:	31 97       	sbiw	r30, 0x01	; 1
     26e:	10 82       	st	Z, r1
     270:	31 97       	sbiw	r30, 0x01	; 1
     272:	60 e8       	ldi	r22, 0x80	; 128
     274:	60 83       	st	Z, r22
     276:	31 97       	sbiw	r30, 0x01	; 1
     278:	10 82       	st	Z, r1
     27a:	31 97       	sbiw	r30, 0x01	; 1
     27c:	62 e0       	ldi	r22, 0x02	; 2
     27e:	60 83       	st	Z, r22
     280:	31 97       	sbiw	r30, 0x01	; 1
     282:	63 e0       	ldi	r22, 0x03	; 3
     284:	60 83       	st	Z, r22
     286:	31 97       	sbiw	r30, 0x01	; 1
     288:	64 e0       	ldi	r22, 0x04	; 4
     28a:	60 83       	st	Z, r22
     28c:	31 97       	sbiw	r30, 0x01	; 1
     28e:	65 e0       	ldi	r22, 0x05	; 5
     290:	60 83       	st	Z, r22
     292:	31 97       	sbiw	r30, 0x01	; 1
     294:	66 e0       	ldi	r22, 0x06	; 6
     296:	60 83       	st	Z, r22
     298:	31 97       	sbiw	r30, 0x01	; 1
     29a:	67 e0       	ldi	r22, 0x07	; 7
     29c:	60 83       	st	Z, r22
     29e:	31 97       	sbiw	r30, 0x01	; 1
     2a0:	68 e0       	ldi	r22, 0x08	; 8
     2a2:	60 83       	st	Z, r22
     2a4:	31 97       	sbiw	r30, 0x01	; 1
     2a6:	69 e0       	ldi	r22, 0x09	; 9
     2a8:	60 83       	st	Z, r22
     2aa:	31 97       	sbiw	r30, 0x01	; 1
     2ac:	60 e1       	ldi	r22, 0x10	; 16
     2ae:	60 83       	st	Z, r22
     2b0:	31 97       	sbiw	r30, 0x01	; 1
     2b2:	30 83       	st	Z, r19
     2b4:	31 97       	sbiw	r30, 0x01	; 1
     2b6:	32 e1       	ldi	r19, 0x12	; 18
     2b8:	30 83       	st	Z, r19
     2ba:	31 97       	sbiw	r30, 0x01	; 1
     2bc:	33 e1       	ldi	r19, 0x13	; 19
     2be:	30 83       	st	Z, r19
     2c0:	31 97       	sbiw	r30, 0x01	; 1
     2c2:	34 e1       	ldi	r19, 0x14	; 20
     2c4:	30 83       	st	Z, r19
     2c6:	31 97       	sbiw	r30, 0x01	; 1
     2c8:	35 e1       	ldi	r19, 0x15	; 21
     2ca:	30 83       	st	Z, r19
     2cc:	31 97       	sbiw	r30, 0x01	; 1
     2ce:	36 e1       	ldi	r19, 0x16	; 22
     2d0:	30 83       	st	Z, r19
     2d2:	31 97       	sbiw	r30, 0x01	; 1
     2d4:	37 e1       	ldi	r19, 0x17	; 23
     2d6:	30 83       	st	Z, r19
     2d8:	31 97       	sbiw	r30, 0x01	; 1
     2da:	38 e1       	ldi	r19, 0x18	; 24
     2dc:	30 83       	st	Z, r19
     2de:	31 97       	sbiw	r30, 0x01	; 1
     2e0:	39 e1       	ldi	r19, 0x19	; 25
     2e2:	30 83       	st	Z, r19
     2e4:	31 97       	sbiw	r30, 0x01	; 1
     2e6:	30 e2       	ldi	r19, 0x20	; 32
     2e8:	30 83       	st	Z, r19
     2ea:	31 97       	sbiw	r30, 0x01	; 1
     2ec:	31 e2       	ldi	r19, 0x21	; 33
     2ee:	30 83       	st	Z, r19
     2f0:	31 97       	sbiw	r30, 0x01	; 1
     2f2:	20 83       	st	Z, r18
     2f4:	31 97       	sbiw	r30, 0x01	; 1
     2f6:	23 e2       	ldi	r18, 0x23	; 35
     2f8:	20 83       	st	Z, r18
     2fa:	31 97       	sbiw	r30, 0x01	; 1
     2fc:	40 83       	st	Z, r20
     2fe:	31 97       	sbiw	r30, 0x01	; 1
     300:	50 83       	st	Z, r21
     302:	31 97       	sbiw	r30, 0x01	; 1
     304:	26 e2       	ldi	r18, 0x26	; 38
     306:	20 83       	st	Z, r18
     308:	31 97       	sbiw	r30, 0x01	; 1
     30a:	27 e2       	ldi	r18, 0x27	; 39
     30c:	20 83       	st	Z, r18
     30e:	31 97       	sbiw	r30, 0x01	; 1
     310:	28 e2       	ldi	r18, 0x28	; 40
     312:	20 83       	st	Z, r18
     314:	31 97       	sbiw	r30, 0x01	; 1
     316:	29 e2       	ldi	r18, 0x29	; 41
     318:	20 83       	st	Z, r18
     31a:	31 97       	sbiw	r30, 0x01	; 1
     31c:	20 e3       	ldi	r18, 0x30	; 48
     31e:	20 83       	st	Z, r18
     320:	31 97       	sbiw	r30, 0x01	; 1
     322:	21 e3       	ldi	r18, 0x31	; 49
     324:	20 83       	st	Z, r18
     326:	86 97       	sbiw	r24, 0x26	; 38
     328:	08 95       	ret

0000032a <xPortStartScheduler>:
     32a:	0e 94 1b 01 	call	0x236	; 0x236 <prvSetupTimerInterrupt>
     32e:	a0 91 66 03 	lds	r26, 0x0366	; 0x800366 <pxCurrentTCB>
     332:	b0 91 67 03 	lds	r27, 0x0367	; 0x800367 <pxCurrentTCB+0x1>
     336:	cd 91       	ld	r28, X+
     338:	cd bf       	out	0x3d, r28	; 61
     33a:	dd 91       	ld	r29, X+
     33c:	de bf       	out	0x3e, r29	; 62
     33e:	ff 91       	pop	r31
     340:	ef 91       	pop	r30
     342:	df 91       	pop	r29
     344:	cf 91       	pop	r28
     346:	bf 91       	pop	r27
     348:	af 91       	pop	r26
     34a:	9f 91       	pop	r25
     34c:	8f 91       	pop	r24
     34e:	7f 91       	pop	r23
     350:	6f 91       	pop	r22
     352:	5f 91       	pop	r21
     354:	4f 91       	pop	r20
     356:	3f 91       	pop	r19
     358:	2f 91       	pop	r18
     35a:	1f 91       	pop	r17
     35c:	0f 91       	pop	r16
     35e:	ff 90       	pop	r15
     360:	ef 90       	pop	r14
     362:	df 90       	pop	r13
     364:	cf 90       	pop	r12
     366:	bf 90       	pop	r11
     368:	af 90       	pop	r10
     36a:	9f 90       	pop	r9
     36c:	8f 90       	pop	r8
     36e:	7f 90       	pop	r7
     370:	6f 90       	pop	r6
     372:	5f 90       	pop	r5
     374:	4f 90       	pop	r4
     376:	3f 90       	pop	r3
     378:	2f 90       	pop	r2
     37a:	1f 90       	pop	r1
     37c:	0f 90       	pop	r0
     37e:	0f be       	out	0x3f, r0	; 63
     380:	0f 90       	pop	r0
     382:	08 95       	ret
     384:	81 e0       	ldi	r24, 0x01	; 1
     386:	08 95       	ret

00000388 <vPortYield>:
 * can use a naked attribute.
 */
void vPortYield( void ) __attribute__( ( naked ) );
void vPortYield( void )
{
    portSAVE_CONTEXT();
     388:	0f 92       	push	r0
     38a:	0f b6       	in	r0, 0x3f	; 63
     38c:	f8 94       	cli
     38e:	0f 92       	push	r0
     390:	1f 92       	push	r1
     392:	11 24       	eor	r1, r1
     394:	2f 92       	push	r2
     396:	3f 92       	push	r3
     398:	4f 92       	push	r4
     39a:	5f 92       	push	r5
     39c:	6f 92       	push	r6
     39e:	7f 92       	push	r7
     3a0:	8f 92       	push	r8
     3a2:	9f 92       	push	r9
     3a4:	af 92       	push	r10
     3a6:	bf 92       	push	r11
     3a8:	cf 92       	push	r12
     3aa:	df 92       	push	r13
     3ac:	ef 92       	push	r14
     3ae:	ff 92       	push	r15
     3b0:	0f 93       	push	r16
     3b2:	1f 93       	push	r17
     3b4:	2f 93       	push	r18
     3b6:	3f 93       	push	r19
     3b8:	4f 93       	push	r20
     3ba:	5f 93       	push	r21
     3bc:	6f 93       	push	r22
     3be:	7f 93       	push	r23
     3c0:	8f 93       	push	r24
     3c2:	9f 93       	push	r25
     3c4:	af 93       	push	r26
     3c6:	bf 93       	push	r27
     3c8:	cf 93       	push	r28
     3ca:	df 93       	push	r29
     3cc:	ef 93       	push	r30
     3ce:	ff 93       	push	r31
     3d0:	a0 91 66 03 	lds	r26, 0x0366	; 0x800366 <pxCurrentTCB>
     3d4:	b0 91 67 03 	lds	r27, 0x0367	; 0x800367 <pxCurrentTCB+0x1>
     3d8:	0d b6       	in	r0, 0x3d	; 61
     3da:	0d 92       	st	X+, r0
     3dc:	0e b6       	in	r0, 0x3e	; 62
     3de:	0d 92       	st	X+, r0
    vTaskSwitchContext();
     3e0:	0e 94 ae 0a 	call	0x155c	; 0x155c <vTaskSwitchContext>
    portRESTORE_CONTEXT();
     3e4:	a0 91 66 03 	lds	r26, 0x0366	; 0x800366 <pxCurrentTCB>
     3e8:	b0 91 67 03 	lds	r27, 0x0367	; 0x800367 <pxCurrentTCB+0x1>
     3ec:	cd 91       	ld	r28, X+
     3ee:	cd bf       	out	0x3d, r28	; 61
     3f0:	dd 91       	ld	r29, X+
     3f2:	de bf       	out	0x3e, r29	; 62
     3f4:	ff 91       	pop	r31
     3f6:	ef 91       	pop	r30
     3f8:	df 91       	pop	r29
     3fa:	cf 91       	pop	r28
     3fc:	bf 91       	pop	r27
     3fe:	af 91       	pop	r26
     400:	9f 91       	pop	r25
     402:	8f 91       	pop	r24
     404:	7f 91       	pop	r23
     406:	6f 91       	pop	r22
     408:	5f 91       	pop	r21
     40a:	4f 91       	pop	r20
     40c:	3f 91       	pop	r19
     40e:	2f 91       	pop	r18
     410:	1f 91       	pop	r17
     412:	0f 91       	pop	r16
     414:	ff 90       	pop	r15
     416:	ef 90       	pop	r14
     418:	df 90       	pop	r13
     41a:	cf 90       	pop	r12
     41c:	bf 90       	pop	r11
     41e:	af 90       	pop	r10
     420:	9f 90       	pop	r9
     422:	8f 90       	pop	r8
     424:	7f 90       	pop	r7
     426:	6f 90       	pop	r6
     428:	5f 90       	pop	r5
     42a:	4f 90       	pop	r4
     42c:	3f 90       	pop	r3
     42e:	2f 90       	pop	r2
     430:	1f 90       	pop	r1
     432:	0f 90       	pop	r0
     434:	0f be       	out	0x3f, r0	; 63
     436:	0f 90       	pop	r0

    asm volatile ( "ret" );
     438:	08 95       	ret

0000043a <vPortYieldFromTick>:
 * call comes from the tick ISR.
 */
void vPortYieldFromTick( void ) __attribute__( ( naked ) );
void vPortYieldFromTick( void )
{
    portSAVE_CONTEXT();
     43a:	0f 92       	push	r0
     43c:	0f b6       	in	r0, 0x3f	; 63
     43e:	f8 94       	cli
     440:	0f 92       	push	r0
     442:	1f 92       	push	r1
     444:	11 24       	eor	r1, r1
     446:	2f 92       	push	r2
     448:	3f 92       	push	r3
     44a:	4f 92       	push	r4
     44c:	5f 92       	push	r5
     44e:	6f 92       	push	r6
     450:	7f 92       	push	r7
     452:	8f 92       	push	r8
     454:	9f 92       	push	r9
     456:	af 92       	push	r10
     458:	bf 92       	push	r11
     45a:	cf 92       	push	r12
     45c:	df 92       	push	r13
     45e:	ef 92       	push	r14
     460:	ff 92       	push	r15
     462:	0f 93       	push	r16
     464:	1f 93       	push	r17
     466:	2f 93       	push	r18
     468:	3f 93       	push	r19
     46a:	4f 93       	push	r20
     46c:	5f 93       	push	r21
     46e:	6f 93       	push	r22
     470:	7f 93       	push	r23
     472:	8f 93       	push	r24
     474:	9f 93       	push	r25
     476:	af 93       	push	r26
     478:	bf 93       	push	r27
     47a:	cf 93       	push	r28
     47c:	df 93       	push	r29
     47e:	ef 93       	push	r30
     480:	ff 93       	push	r31
     482:	a0 91 66 03 	lds	r26, 0x0366	; 0x800366 <pxCurrentTCB>
     486:	b0 91 67 03 	lds	r27, 0x0367	; 0x800367 <pxCurrentTCB+0x1>
     48a:	0d b6       	in	r0, 0x3d	; 61
     48c:	0d 92       	st	X+, r0
     48e:	0e b6       	in	r0, 0x3e	; 62
     490:	0d 92       	st	X+, r0

    if( xTaskIncrementTick() != pdFALSE )
     492:	0e 94 a5 08 	call	0x114a	; 0x114a <xTaskIncrementTick>
     496:	81 11       	cpse	r24, r1
    {
        vTaskSwitchContext();
     498:	0e 94 ae 0a 	call	0x155c	; 0x155c <vTaskSwitchContext>
    }

    portRESTORE_CONTEXT();
     49c:	a0 91 66 03 	lds	r26, 0x0366	; 0x800366 <pxCurrentTCB>
     4a0:	b0 91 67 03 	lds	r27, 0x0367	; 0x800367 <pxCurrentTCB+0x1>
     4a4:	cd 91       	ld	r28, X+
     4a6:	cd bf       	out	0x3d, r28	; 61
     4a8:	dd 91       	ld	r29, X+
     4aa:	de bf       	out	0x3e, r29	; 62
     4ac:	ff 91       	pop	r31
     4ae:	ef 91       	pop	r30
     4b0:	df 91       	pop	r29
     4b2:	cf 91       	pop	r28
     4b4:	bf 91       	pop	r27
     4b6:	af 91       	pop	r26
     4b8:	9f 91       	pop	r25
     4ba:	8f 91       	pop	r24
     4bc:	7f 91       	pop	r23
     4be:	6f 91       	pop	r22
     4c0:	5f 91       	pop	r21
     4c2:	4f 91       	pop	r20
     4c4:	3f 91       	pop	r19
     4c6:	2f 91       	pop	r18
     4c8:	1f 91       	pop	r17
     4ca:	0f 91       	pop	r16
     4cc:	ff 90       	pop	r15
     4ce:	ef 90       	pop	r14
     4d0:	df 90       	pop	r13
     4d2:	cf 90       	pop	r12
     4d4:	bf 90       	pop	r11
     4d6:	af 90       	pop	r10
     4d8:	9f 90       	pop	r9
     4da:	8f 90       	pop	r8
     4dc:	7f 90       	pop	r7
     4de:	6f 90       	pop	r6
     4e0:	5f 90       	pop	r5
     4e2:	4f 90       	pop	r4
     4e4:	3f 90       	pop	r3
     4e6:	2f 90       	pop	r2
     4e8:	1f 90       	pop	r1
     4ea:	0f 90       	pop	r0
     4ec:	0f be       	out	0x3f, r0	; 63
     4ee:	0f 90       	pop	r0

    asm volatile ( "ret" );
     4f0:	08 95       	ret

000004f2 <__vector_7>:
 * count is incremented after the context is saved.
 */
    void TIMER1_COMPA_vect( void ) __attribute__( ( signal, naked ) );
    void TIMER1_COMPA_vect( void )
    {
        vPortYieldFromTick();
     4f2:	0e 94 1d 02 	call	0x43a	; 0x43a <vPortYieldFromTick>
        asm volatile ( "reti" );
     4f6:	18 95       	reti

000004f8 <pvPortMalloc>:
static size_t xNextFreeByte = ( size_t ) 0U;

/*-----------------------------------------------------------*/

void * pvPortMalloc( size_t xWantedSize )
{
     4f8:	cf 93       	push	r28
     4fa:	df 93       	push	r29
     4fc:	ec 01       	movw	r28, r24
            }
        }
    }
    #endif /* if ( portBYTE_ALIGNMENT != 1 ) */

    vTaskSuspendAll();
     4fe:	0e 94 9f 08 	call	0x113e	; 0x113e <vTaskSuspendAll>
    {
        if( pucAlignedHeap == NULL )
     502:	80 91 12 01 	lds	r24, 0x0112	; 0x800112 <__data_end>
     506:	90 91 13 01 	lds	r25, 0x0113	; 0x800113 <__data_end+0x1>
     50a:	89 2b       	or	r24, r25
     50c:	31 f4       	brne	.+12     	; 0x51a <__stack+0x1b>
        {
            /* Ensure the heap starts on a correctly aligned boundary. */
            pucAlignedHeap = ( uint8_t * ) ( ( ( portPOINTER_SIZE_TYPE ) & ucHeap[ portBYTE_ALIGNMENT - 1 ] ) & ( ~( ( portPOINTER_SIZE_TYPE ) portBYTE_ALIGNMENT_MASK ) ) );
     50e:	86 e1       	ldi	r24, 0x16	; 22
     510:	91 e0       	ldi	r25, 0x01	; 1
     512:	90 93 13 01 	sts	0x0113, r25	; 0x800113 <__data_end+0x1>
     516:	80 93 12 01 	sts	0x0112, r24	; 0x800112 <__data_end>
        }

        /* Check there is enough room left for the allocation and. */
        if( ( xWantedSize > 0 ) &&                                /* valid size */
     51a:	20 97       	sbiw	r28, 0x00	; 0
     51c:	c9 f0       	breq	.+50     	; 0x550 <__stack+0x51>
            ( ( xNextFreeByte + xWantedSize ) < configADJUSTED_HEAP_SIZE ) &&
     51e:	80 91 14 01 	lds	r24, 0x0114	; 0x800114 <xNextFreeByte>
     522:	90 91 15 01 	lds	r25, 0x0115	; 0x800115 <xNextFreeByte+0x1>
     526:	9e 01       	movw	r18, r28
     528:	28 0f       	add	r18, r24
     52a:	39 1f       	adc	r19, r25
            /* Ensure the heap starts on a correctly aligned boundary. */
            pucAlignedHeap = ( uint8_t * ) ( ( ( portPOINTER_SIZE_TYPE ) & ucHeap[ portBYTE_ALIGNMENT - 1 ] ) & ( ~( ( portPOINTER_SIZE_TYPE ) portBYTE_ALIGNMENT_MASK ) ) );
        }

        /* Check there is enough room left for the allocation and. */
        if( ( xWantedSize > 0 ) &&                                /* valid size */
     52c:	23 3f       	cpi	r18, 0xF3	; 243
     52e:	41 e0       	ldi	r20, 0x01	; 1
     530:	34 07       	cpc	r19, r20
     532:	88 f4       	brcc	.+34     	; 0x556 <__stack+0x57>
            ( ( xNextFreeByte + xWantedSize ) < configADJUSTED_HEAP_SIZE ) &&
     534:	82 17       	cp	r24, r18
     536:	93 07       	cpc	r25, r19
     538:	88 f4       	brcc	.+34     	; 0x55c <__stack+0x5d>
            ( ( xNextFreeByte + xWantedSize ) > xNextFreeByte ) ) /* Check for overflow. */
        {
            /* Return the next free byte then increment the index past this
             * block. */
            pvReturn = pucAlignedHeap + xNextFreeByte;
     53a:	c0 91 12 01 	lds	r28, 0x0112	; 0x800112 <__data_end>
     53e:	d0 91 13 01 	lds	r29, 0x0113	; 0x800113 <__data_end+0x1>
     542:	c8 0f       	add	r28, r24
     544:	d9 1f       	adc	r29, r25
            xNextFreeByte += xWantedSize;
     546:	30 93 15 01 	sts	0x0115, r19	; 0x800115 <xNextFreeByte+0x1>
     54a:	20 93 14 01 	sts	0x0114, r18	; 0x800114 <xNextFreeByte>
     54e:	08 c0       	rjmp	.+16     	; 0x560 <__stack+0x61>

/*-----------------------------------------------------------*/

void * pvPortMalloc( size_t xWantedSize )
{
    void * pvReturn = NULL;
     550:	c0 e0       	ldi	r28, 0x00	; 0
     552:	d0 e0       	ldi	r29, 0x00	; 0
     554:	05 c0       	rjmp	.+10     	; 0x560 <__stack+0x61>
     556:	c0 e0       	ldi	r28, 0x00	; 0
     558:	d0 e0       	ldi	r29, 0x00	; 0
     55a:	02 c0       	rjmp	.+4      	; 0x560 <__stack+0x61>
     55c:	c0 e0       	ldi	r28, 0x00	; 0
     55e:	d0 e0       	ldi	r29, 0x00	; 0
            xNextFreeByte += xWantedSize;
        }

        traceMALLOC( pvReturn, xWantedSize );
    }
    ( void ) xTaskResumeAll();
     560:	0e 94 bf 09 	call	0x137e	; 0x137e <xTaskResumeAll>
        }
    }
    #endif

    return pvReturn;
}
     564:	ce 01       	movw	r24, r28
     566:	df 91       	pop	r29
     568:	cf 91       	pop	r28
     56a:	08 95       	ret

0000056c <vPortFree>:
/*-----------------------------------------------------------*/

void vPortFree( void * pv )
{
     56c:	08 95       	ret

0000056e <prvGetDisinheritPriorityAfterTimeout>:
    taskEXIT_CRITICAL_FROM_ISR( uxSavedInterruptStatus );

    traceRETURN_xQueueGiveFromISR( xReturn );

    return xReturn;
}
     56e:	dc 01       	movw	r26, r24
     570:	51 96       	adiw	r26, 0x11	; 17
     572:	2c 91       	ld	r18, X
     574:	51 97       	sbiw	r26, 0x11	; 17
     576:	22 23       	and	r18, r18
     578:	41 f0       	breq	.+16     	; 0x58a <prvGetDisinheritPriorityAfterTimeout+0x1c>
     57a:	56 96       	adiw	r26, 0x16	; 22
     57c:	ed 91       	ld	r30, X+
     57e:	fc 91       	ld	r31, X
     580:	57 97       	sbiw	r26, 0x17	; 23
     582:	90 81       	ld	r25, Z
     584:	84 e0       	ldi	r24, 0x04	; 4
     586:	89 1b       	sub	r24, r25
     588:	08 95       	ret
     58a:	80 e0       	ldi	r24, 0x00	; 0
     58c:	08 95       	ret

0000058e <prvIsQueueEmpty>:
     58e:	0f b6       	in	r0, 0x3f	; 63
     590:	f8 94       	cli
     592:	0f 92       	push	r0
     594:	fc 01       	movw	r30, r24
     596:	82 8d       	ldd	r24, Z+26	; 0x1a
     598:	81 11       	cpse	r24, r1
     59a:	02 c0       	rjmp	.+4      	; 0x5a0 <prvIsQueueEmpty+0x12>
     59c:	81 e0       	ldi	r24, 0x01	; 1
     59e:	01 c0       	rjmp	.+2      	; 0x5a2 <prvIsQueueEmpty+0x14>
     5a0:	80 e0       	ldi	r24, 0x00	; 0
     5a2:	0f 90       	pop	r0
     5a4:	0f be       	out	0x3f, r0	; 63
     5a6:	08 95       	ret

000005a8 <prvIsQueueFull>:
     5a8:	0f b6       	in	r0, 0x3f	; 63
     5aa:	f8 94       	cli
     5ac:	0f 92       	push	r0
     5ae:	fc 01       	movw	r30, r24
     5b0:	22 8d       	ldd	r18, Z+26	; 0x1a
     5b2:	83 8d       	ldd	r24, Z+27	; 0x1b
     5b4:	28 13       	cpse	r18, r24
     5b6:	02 c0       	rjmp	.+4      	; 0x5bc <prvIsQueueFull+0x14>
     5b8:	81 e0       	ldi	r24, 0x01	; 1
     5ba:	01 c0       	rjmp	.+2      	; 0x5be <prvIsQueueFull+0x16>
     5bc:	80 e0       	ldi	r24, 0x00	; 0
     5be:	0f 90       	pop	r0
     5c0:	0f be       	out	0x3f, r0	; 63
     5c2:	08 95       	ret

000005c4 <prvCopyDataToQueue>:
     5c4:	0f 93       	push	r16
     5c6:	1f 93       	push	r17
     5c8:	cf 93       	push	r28
     5ca:	df 93       	push	r29
     5cc:	ec 01       	movw	r28, r24
     5ce:	04 2f       	mov	r16, r20
     5d0:	1a 8d       	ldd	r17, Y+26	; 0x1a
     5d2:	4c 8d       	ldd	r20, Y+28	; 0x1c
     5d4:	41 11       	cpse	r20, r1
     5d6:	0c c0       	rjmp	.+24     	; 0x5f0 <prvCopyDataToQueue+0x2c>
     5d8:	88 81       	ld	r24, Y
     5da:	99 81       	ldd	r25, Y+1	; 0x01
     5dc:	89 2b       	or	r24, r25
     5de:	09 f0       	breq	.+2      	; 0x5e2 <prvCopyDataToQueue+0x1e>
     5e0:	42 c0       	rjmp	.+132    	; 0x666 <prvCopyDataToQueue+0xa2>
     5e2:	8c 81       	ldd	r24, Y+4	; 0x04
     5e4:	9d 81       	ldd	r25, Y+5	; 0x05
     5e6:	0e 94 b4 0c 	call	0x1968	; 0x1968 <xTaskPriorityDisinherit>
     5ea:	1d 82       	std	Y+5, r1	; 0x05
     5ec:	1c 82       	std	Y+4, r1	; 0x04
     5ee:	42 c0       	rjmp	.+132    	; 0x674 <prvCopyDataToQueue+0xb0>
     5f0:	01 11       	cpse	r16, r1
     5f2:	17 c0       	rjmp	.+46     	; 0x622 <prvCopyDataToQueue+0x5e>
     5f4:	50 e0       	ldi	r21, 0x00	; 0
     5f6:	8a 81       	ldd	r24, Y+2	; 0x02
     5f8:	9b 81       	ldd	r25, Y+3	; 0x03
     5fa:	0e 94 e0 0f 	call	0x1fc0	; 0x1fc0 <memcpy>
     5fe:	2c 8d       	ldd	r18, Y+28	; 0x1c
     600:	8a 81       	ldd	r24, Y+2	; 0x02
     602:	9b 81       	ldd	r25, Y+3	; 0x03
     604:	82 0f       	add	r24, r18
     606:	91 1d       	adc	r25, r1
     608:	9b 83       	std	Y+3, r25	; 0x03
     60a:	8a 83       	std	Y+2, r24	; 0x02
     60c:	2c 81       	ldd	r18, Y+4	; 0x04
     60e:	3d 81       	ldd	r19, Y+5	; 0x05
     610:	82 17       	cp	r24, r18
     612:	93 07       	cpc	r25, r19
     614:	50 f1       	brcs	.+84     	; 0x66a <prvCopyDataToQueue+0xa6>
     616:	88 81       	ld	r24, Y
     618:	99 81       	ldd	r25, Y+1	; 0x01
     61a:	9b 83       	std	Y+3, r25	; 0x03
     61c:	8a 83       	std	Y+2, r24	; 0x02
     61e:	80 e0       	ldi	r24, 0x00	; 0
     620:	29 c0       	rjmp	.+82     	; 0x674 <prvCopyDataToQueue+0xb0>
     622:	50 e0       	ldi	r21, 0x00	; 0
     624:	8e 81       	ldd	r24, Y+6	; 0x06
     626:	9f 81       	ldd	r25, Y+7	; 0x07
     628:	0e 94 e0 0f 	call	0x1fc0	; 0x1fc0 <memcpy>
     62c:	8c 8d       	ldd	r24, Y+28	; 0x1c
     62e:	90 e0       	ldi	r25, 0x00	; 0
     630:	91 95       	neg	r25
     632:	81 95       	neg	r24
     634:	91 09       	sbc	r25, r1
     636:	2e 81       	ldd	r18, Y+6	; 0x06
     638:	3f 81       	ldd	r19, Y+7	; 0x07
     63a:	28 0f       	add	r18, r24
     63c:	39 1f       	adc	r19, r25
     63e:	3f 83       	std	Y+7, r19	; 0x07
     640:	2e 83       	std	Y+6, r18	; 0x06
     642:	48 81       	ld	r20, Y
     644:	59 81       	ldd	r21, Y+1	; 0x01
     646:	24 17       	cp	r18, r20
     648:	35 07       	cpc	r19, r21
     64a:	30 f4       	brcc	.+12     	; 0x658 <prvCopyDataToQueue+0x94>
     64c:	2c 81       	ldd	r18, Y+4	; 0x04
     64e:	3d 81       	ldd	r19, Y+5	; 0x05
     650:	82 0f       	add	r24, r18
     652:	93 1f       	adc	r25, r19
     654:	9f 83       	std	Y+7, r25	; 0x07
     656:	8e 83       	std	Y+6, r24	; 0x06
     658:	02 30       	cpi	r16, 0x02	; 2
     65a:	49 f4       	brne	.+18     	; 0x66e <prvCopyDataToQueue+0xaa>
     65c:	11 23       	and	r17, r17
     65e:	49 f0       	breq	.+18     	; 0x672 <prvCopyDataToQueue+0xae>
     660:	11 50       	subi	r17, 0x01	; 1
     662:	80 e0       	ldi	r24, 0x00	; 0
     664:	07 c0       	rjmp	.+14     	; 0x674 <prvCopyDataToQueue+0xb0>
     666:	80 e0       	ldi	r24, 0x00	; 0
     668:	05 c0       	rjmp	.+10     	; 0x674 <prvCopyDataToQueue+0xb0>
     66a:	80 e0       	ldi	r24, 0x00	; 0
     66c:	03 c0       	rjmp	.+6      	; 0x674 <prvCopyDataToQueue+0xb0>
     66e:	80 e0       	ldi	r24, 0x00	; 0
     670:	01 c0       	rjmp	.+2      	; 0x674 <prvCopyDataToQueue+0xb0>
     672:	80 e0       	ldi	r24, 0x00	; 0
     674:	1f 5f       	subi	r17, 0xFF	; 255
     676:	1a 8f       	std	Y+26, r17	; 0x1a
     678:	df 91       	pop	r29
     67a:	cf 91       	pop	r28
     67c:	1f 91       	pop	r17
     67e:	0f 91       	pop	r16
     680:	08 95       	ret

00000682 <prvCopyDataFromQueue>:
     682:	fc 01       	movw	r30, r24
     684:	44 8d       	ldd	r20, Z+28	; 0x1c
     686:	44 23       	and	r20, r20
     688:	a9 f0       	breq	.+42     	; 0x6b4 <prvCopyDataFromQueue+0x32>
     68a:	50 e0       	ldi	r21, 0x00	; 0
     68c:	26 81       	ldd	r18, Z+6	; 0x06
     68e:	37 81       	ldd	r19, Z+7	; 0x07
     690:	24 0f       	add	r18, r20
     692:	35 1f       	adc	r19, r21
     694:	37 83       	std	Z+7, r19	; 0x07
     696:	26 83       	std	Z+6, r18	; 0x06
     698:	84 81       	ldd	r24, Z+4	; 0x04
     69a:	95 81       	ldd	r25, Z+5	; 0x05
     69c:	28 17       	cp	r18, r24
     69e:	39 07       	cpc	r19, r25
     6a0:	20 f0       	brcs	.+8      	; 0x6aa <prvCopyDataFromQueue+0x28>
     6a2:	80 81       	ld	r24, Z
     6a4:	91 81       	ldd	r25, Z+1	; 0x01
     6a6:	97 83       	std	Z+7, r25	; 0x07
     6a8:	86 83       	std	Z+6, r24	; 0x06
     6aa:	cb 01       	movw	r24, r22
     6ac:	66 81       	ldd	r22, Z+6	; 0x06
     6ae:	77 81       	ldd	r23, Z+7	; 0x07
     6b0:	0e 94 e0 0f 	call	0x1fc0	; 0x1fc0 <memcpy>
     6b4:	08 95       	ret

000006b6 <prvUnlockQueue>:
     6b6:	1f 93       	push	r17
     6b8:	cf 93       	push	r28
     6ba:	df 93       	push	r29
     6bc:	ec 01       	movw	r28, r24
     6be:	0f b6       	in	r0, 0x3f	; 63
     6c0:	f8 94       	cli
     6c2:	0f 92       	push	r0
     6c4:	1e 8d       	ldd	r17, Y+30	; 0x1e
     6c6:	0b c0       	rjmp	.+22     	; 0x6de <prvUnlockQueue+0x28>
     6c8:	89 89       	ldd	r24, Y+17	; 0x11
     6ca:	88 23       	and	r24, r24
     6cc:	51 f0       	breq	.+20     	; 0x6e2 <prvUnlockQueue+0x2c>
     6ce:	ce 01       	movw	r24, r28
     6d0:	41 96       	adiw	r24, 0x11	; 17
     6d2:	0e 94 22 0b 	call	0x1644	; 0x1644 <xTaskRemoveFromEventList>
     6d6:	81 11       	cpse	r24, r1
     6d8:	0e 94 1c 0c 	call	0x1838	; 0x1838 <vTaskMissedYield>
     6dc:	11 50       	subi	r17, 0x01	; 1
     6de:	11 16       	cp	r1, r17
     6e0:	9c f3       	brlt	.-26     	; 0x6c8 <prvUnlockQueue+0x12>
     6e2:	8f ef       	ldi	r24, 0xFF	; 255
     6e4:	8e 8f       	std	Y+30, r24	; 0x1e
     6e6:	0f 90       	pop	r0
     6e8:	0f be       	out	0x3f, r0	; 63
     6ea:	0f b6       	in	r0, 0x3f	; 63
     6ec:	f8 94       	cli
     6ee:	0f 92       	push	r0
     6f0:	1d 8d       	ldd	r17, Y+29	; 0x1d
     6f2:	0b c0       	rjmp	.+22     	; 0x70a <prvUnlockQueue+0x54>
     6f4:	88 85       	ldd	r24, Y+8	; 0x08
     6f6:	88 23       	and	r24, r24
     6f8:	51 f0       	breq	.+20     	; 0x70e <prvUnlockQueue+0x58>
     6fa:	ce 01       	movw	r24, r28
     6fc:	08 96       	adiw	r24, 0x08	; 8
     6fe:	0e 94 22 0b 	call	0x1644	; 0x1644 <xTaskRemoveFromEventList>
     702:	81 11       	cpse	r24, r1
     704:	0e 94 1c 0c 	call	0x1838	; 0x1838 <vTaskMissedYield>
     708:	11 50       	subi	r17, 0x01	; 1
     70a:	11 16       	cp	r1, r17
     70c:	9c f3       	brlt	.-26     	; 0x6f4 <prvUnlockQueue+0x3e>
     70e:	8f ef       	ldi	r24, 0xFF	; 255
     710:	8d 8f       	std	Y+29, r24	; 0x1d
     712:	0f 90       	pop	r0
     714:	0f be       	out	0x3f, r0	; 63
     716:	df 91       	pop	r29
     718:	cf 91       	pop	r28
     71a:	1f 91       	pop	r17
     71c:	08 95       	ret

0000071e <xQueueGenericReset>:
     71e:	0f 93       	push	r16
     720:	1f 93       	push	r17
     722:	cf 93       	push	r28
     724:	df 93       	push	r29
     726:	fc 01       	movw	r30, r24
     728:	36 2f       	mov	r19, r22
     72a:	89 2b       	or	r24, r25
     72c:	09 f4       	brne	.+2      	; 0x730 <xQueueGenericReset+0x12>
     72e:	4d c0       	rjmp	.+154    	; 0x7ca <xQueueGenericReset+0xac>
     730:	23 8d       	ldd	r18, Z+27	; 0x1b
     732:	22 23       	and	r18, r18
     734:	09 f4       	brne	.+2      	; 0x738 <xQueueGenericReset+0x1a>
     736:	4b c0       	rjmp	.+150    	; 0x7ce <xQueueGenericReset+0xb0>
     738:	02 2f       	mov	r16, r18
     73a:	10 e0       	ldi	r17, 0x00	; 0
     73c:	8f ef       	ldi	r24, 0xFF	; 255
     73e:	9f ef       	ldi	r25, 0xFF	; 255
     740:	b8 01       	movw	r22, r16
     742:	0e 94 9b 0f 	call	0x1f36	; 0x1f36 <__udivmodhi4>
     746:	44 8d       	ldd	r20, Z+28	; 0x1c
     748:	84 2f       	mov	r24, r20
     74a:	90 e0       	ldi	r25, 0x00	; 0
     74c:	68 17       	cp	r22, r24
     74e:	79 07       	cpc	r23, r25
     750:	08 f4       	brcc	.+2      	; 0x754 <xQueueGenericReset+0x36>
     752:	3f c0       	rjmp	.+126    	; 0x7d2 <xQueueGenericReset+0xb4>
     754:	ef 01       	movw	r28, r30
     756:	0f b6       	in	r0, 0x3f	; 63
     758:	f8 94       	cli
     75a:	0f 92       	push	r0
     75c:	60 81       	ld	r22, Z
     75e:	71 81       	ldd	r23, Z+1	; 0x01
     760:	fb 01       	movw	r30, r22
     762:	24 9f       	mul	r18, r20
     764:	e0 0d       	add	r30, r0
     766:	f1 1d       	adc	r31, r1
     768:	11 24       	eor	r1, r1
     76a:	fd 83       	std	Y+5, r31	; 0x05
     76c:	ec 83       	std	Y+4, r30	; 0x04
     76e:	1a 8e       	std	Y+26, r1	; 0x1a
     770:	7b 83       	std	Y+3, r23	; 0x03
     772:	6a 83       	std	Y+2, r22	; 0x02
     774:	01 50       	subi	r16, 0x01	; 1
     776:	11 09       	sbc	r17, r1
     778:	80 9f       	mul	r24, r16
     77a:	a0 01       	movw	r20, r0
     77c:	81 9f       	mul	r24, r17
     77e:	50 0d       	add	r21, r0
     780:	90 9f       	mul	r25, r16
     782:	50 0d       	add	r21, r0
     784:	11 24       	eor	r1, r1
     786:	cb 01       	movw	r24, r22
     788:	84 0f       	add	r24, r20
     78a:	95 1f       	adc	r25, r21
     78c:	9f 83       	std	Y+7, r25	; 0x07
     78e:	8e 83       	std	Y+6, r24	; 0x06
     790:	8f ef       	ldi	r24, 0xFF	; 255
     792:	8d 8f       	std	Y+29, r24	; 0x1d
     794:	8e 8f       	std	Y+30, r24	; 0x1e
     796:	31 11       	cpse	r19, r1
     798:	0c c0       	rjmp	.+24     	; 0x7b2 <xQueueGenericReset+0x94>
     79a:	88 85       	ldd	r24, Y+8	; 0x08
     79c:	88 23       	and	r24, r24
     79e:	89 f0       	breq	.+34     	; 0x7c2 <xQueueGenericReset+0xa4>
     7a0:	ce 01       	movw	r24, r28
     7a2:	08 96       	adiw	r24, 0x08	; 8
     7a4:	0e 94 22 0b 	call	0x1644	; 0x1644 <xTaskRemoveFromEventList>
     7a8:	88 23       	and	r24, r24
     7aa:	59 f0       	breq	.+22     	; 0x7c2 <xQueueGenericReset+0xa4>
     7ac:	0e 94 c4 01 	call	0x388	; 0x388 <vPortYield>
     7b0:	08 c0       	rjmp	.+16     	; 0x7c2 <xQueueGenericReset+0xa4>
     7b2:	ce 01       	movw	r24, r28
     7b4:	08 96       	adiw	r24, 0x08	; 8
     7b6:	0e 94 b2 00 	call	0x164	; 0x164 <vListInitialise>
     7ba:	ce 01       	movw	r24, r28
     7bc:	41 96       	adiw	r24, 0x11	; 17
     7be:	0e 94 b2 00 	call	0x164	; 0x164 <vListInitialise>
     7c2:	0f 90       	pop	r0
     7c4:	0f be       	out	0x3f, r0	; 63
     7c6:	81 e0       	ldi	r24, 0x01	; 1
     7c8:	05 c0       	rjmp	.+10     	; 0x7d4 <xQueueGenericReset+0xb6>
     7ca:	80 e0       	ldi	r24, 0x00	; 0
     7cc:	03 c0       	rjmp	.+6      	; 0x7d4 <xQueueGenericReset+0xb6>
     7ce:	80 e0       	ldi	r24, 0x00	; 0
     7d0:	01 c0       	rjmp	.+2      	; 0x7d4 <xQueueGenericReset+0xb6>
     7d2:	80 e0       	ldi	r24, 0x00	; 0
     7d4:	df 91       	pop	r29
     7d6:	cf 91       	pop	r28
     7d8:	1f 91       	pop	r17
     7da:	0f 91       	pop	r16
     7dc:	08 95       	ret

000007de <prvInitialiseNewQueue>:
     7de:	0f 93       	push	r16
     7e0:	1f 93       	push	r17
     7e2:	f8 01       	movw	r30, r16
     7e4:	61 11       	cpse	r22, r1
     7e6:	03 c0       	rjmp	.+6      	; 0x7ee <prvInitialiseNewQueue+0x10>
     7e8:	11 83       	std	Z+1, r17	; 0x01
     7ea:	00 83       	st	Z, r16
     7ec:	02 c0       	rjmp	.+4      	; 0x7f2 <prvInitialiseNewQueue+0x14>
     7ee:	51 83       	std	Z+1, r21	; 0x01
     7f0:	40 83       	st	Z, r20
     7f2:	83 8f       	std	Z+27, r24	; 0x1b
     7f4:	64 8f       	std	Z+28, r22	; 0x1c
     7f6:	61 e0       	ldi	r22, 0x01	; 1
     7f8:	cf 01       	movw	r24, r30
     7fa:	0e 94 8f 03 	call	0x71e	; 0x71e <xQueueGenericReset>
     7fe:	1f 91       	pop	r17
     800:	0f 91       	pop	r16
     802:	08 95       	ret

00000804 <xQueueGenericCreate>:
     804:	df 92       	push	r13
     806:	ef 92       	push	r14
     808:	ff 92       	push	r15
     80a:	0f 93       	push	r16
     80c:	1f 93       	push	r17
     80e:	cf 93       	push	r28
     810:	df 93       	push	r29
     812:	38 2f       	mov	r19, r24
     814:	e6 2f       	mov	r30, r22
     816:	88 23       	and	r24, r24
     818:	29 f1       	breq	.+74     	; 0x864 <xQueueGenericCreate+0x60>
     81a:	e8 2e       	mov	r14, r24
     81c:	f1 2c       	mov	r15, r1
     81e:	8f ef       	ldi	r24, 0xFF	; 255
     820:	9f ef       	ldi	r25, 0xFF	; 255
     822:	b7 01       	movw	r22, r14
     824:	0e 94 9b 0f 	call	0x1f36	; 0x1f36 <__udivmodhi4>
     828:	ae 2f       	mov	r26, r30
     82a:	b0 e0       	ldi	r27, 0x00	; 0
     82c:	6a 17       	cp	r22, r26
     82e:	7b 07       	cpc	r23, r27
     830:	e0 f0       	brcs	.+56     	; 0x86a <xQueueGenericCreate+0x66>
     832:	3e 9f       	mul	r19, r30
     834:	c0 01       	movw	r24, r0
     836:	11 24       	eor	r1, r1
     838:	81 3e       	cpi	r24, 0xE1	; 225
     83a:	91 05       	cpc	r25, r1
     83c:	cc f4       	brge	.+50     	; 0x870 <xQueueGenericCreate+0x6c>
     83e:	d4 2e       	mov	r13, r20
     840:	de 2f       	mov	r29, r30
     842:	c3 2f       	mov	r28, r19
     844:	4f 96       	adiw	r24, 0x1f	; 31
     846:	0e 94 7c 02 	call	0x4f8	; 0x4f8 <pvPortMalloc>
     84a:	7c 01       	movw	r14, r24
     84c:	00 97       	sbiw	r24, 0x00	; 0
     84e:	91 f0       	breq	.+36     	; 0x874 <xQueueGenericCreate+0x70>
     850:	8c 01       	movw	r16, r24
     852:	2d 2d       	mov	r18, r13
     854:	ac 01       	movw	r20, r24
     856:	41 5e       	subi	r20, 0xE1	; 225
     858:	5f 4f       	sbci	r21, 0xFF	; 255
     85a:	6d 2f       	mov	r22, r29
     85c:	8c 2f       	mov	r24, r28
     85e:	0e 94 ef 03 	call	0x7de	; 0x7de <prvInitialiseNewQueue>
     862:	08 c0       	rjmp	.+16     	; 0x874 <xQueueGenericCreate+0x70>
     864:	e1 2c       	mov	r14, r1
     866:	f1 2c       	mov	r15, r1
     868:	05 c0       	rjmp	.+10     	; 0x874 <xQueueGenericCreate+0x70>
     86a:	e1 2c       	mov	r14, r1
     86c:	f1 2c       	mov	r15, r1
     86e:	02 c0       	rjmp	.+4      	; 0x874 <xQueueGenericCreate+0x70>
     870:	e1 2c       	mov	r14, r1
     872:	f1 2c       	mov	r15, r1
     874:	c7 01       	movw	r24, r14
     876:	df 91       	pop	r29
     878:	cf 91       	pop	r28
     87a:	1f 91       	pop	r17
     87c:	0f 91       	pop	r16
     87e:	ff 90       	pop	r15
     880:	ef 90       	pop	r14
     882:	df 90       	pop	r13
     884:	08 95       	ret

00000886 <xQueueGenericSend>:
     886:	cf 92       	push	r12
     888:	df 92       	push	r13
     88a:	ef 92       	push	r14
     88c:	ff 92       	push	r15
     88e:	0f 93       	push	r16
     890:	1f 93       	push	r17
     892:	cf 93       	push	r28
     894:	df 93       	push	r29
     896:	00 d0       	rcall	.+0      	; 0x898 <xQueueGenericSend+0x12>
     898:	00 d0       	rcall	.+0      	; 0x89a <xQueueGenericSend+0x14>
     89a:	1f 92       	push	r1
     89c:	cd b7       	in	r28, 0x3d	; 61
     89e:	de b7       	in	r29, 0x3e	; 62
     8a0:	8c 01       	movw	r16, r24
     8a2:	7b 01       	movw	r14, r22
     8a4:	5d 83       	std	Y+5, r21	; 0x05
     8a6:	4c 83       	std	Y+4, r20	; 0x04
     8a8:	c2 2e       	mov	r12, r18
     8aa:	d1 2c       	mov	r13, r1
     8ac:	0f b6       	in	r0, 0x3f	; 63
     8ae:	f8 94       	cli
     8b0:	0f 92       	push	r0
     8b2:	f8 01       	movw	r30, r16
     8b4:	92 8d       	ldd	r25, Z+26	; 0x1a
     8b6:	83 8d       	ldd	r24, Z+27	; 0x1b
     8b8:	98 17       	cp	r25, r24
     8ba:	18 f0       	brcs	.+6      	; 0x8c2 <xQueueGenericSend+0x3c>
     8bc:	f2 e0       	ldi	r31, 0x02	; 2
     8be:	cf 12       	cpse	r12, r31
     8c0:	19 c0       	rjmp	.+50     	; 0x8f4 <xQueueGenericSend+0x6e>
     8c2:	4c 2d       	mov	r20, r12
     8c4:	b7 01       	movw	r22, r14
     8c6:	c8 01       	movw	r24, r16
     8c8:	0e 94 e2 02 	call	0x5c4	; 0x5c4 <prvCopyDataToQueue>
     8cc:	f8 01       	movw	r30, r16
     8ce:	91 89       	ldd	r25, Z+17	; 0x11
     8d0:	99 23       	and	r25, r25
     8d2:	49 f0       	breq	.+18     	; 0x8e6 <xQueueGenericSend+0x60>
     8d4:	c8 01       	movw	r24, r16
     8d6:	41 96       	adiw	r24, 0x11	; 17
     8d8:	0e 94 22 0b 	call	0x1644	; 0x1644 <xTaskRemoveFromEventList>
     8dc:	88 23       	and	r24, r24
     8de:	31 f0       	breq	.+12     	; 0x8ec <xQueueGenericSend+0x66>
     8e0:	0e 94 c4 01 	call	0x388	; 0x388 <vPortYield>
     8e4:	03 c0       	rjmp	.+6      	; 0x8ec <xQueueGenericSend+0x66>
     8e6:	81 11       	cpse	r24, r1
     8e8:	0e 94 c4 01 	call	0x388	; 0x388 <vPortYield>
     8ec:	0f 90       	pop	r0
     8ee:	0f be       	out	0x3f, r0	; 63
     8f0:	81 e0       	ldi	r24, 0x01	; 1
     8f2:	4d c0       	rjmp	.+154    	; 0x98e <xQueueGenericSend+0x108>
     8f4:	8c 81       	ldd	r24, Y+4	; 0x04
     8f6:	9d 81       	ldd	r25, Y+5	; 0x05
     8f8:	89 2b       	or	r24, r25
     8fa:	21 f4       	brne	.+8      	; 0x904 <xQueueGenericSend+0x7e>
     8fc:	0f 90       	pop	r0
     8fe:	0f be       	out	0x3f, r0	; 63
     900:	80 e0       	ldi	r24, 0x00	; 0
     902:	45 c0       	rjmp	.+138    	; 0x98e <xQueueGenericSend+0x108>
     904:	d1 10       	cpse	r13, r1
     906:	06 c0       	rjmp	.+12     	; 0x914 <xQueueGenericSend+0x8e>
     908:	ce 01       	movw	r24, r28
     90a:	01 96       	adiw	r24, 0x01	; 1
     90c:	0e 94 df 0b 	call	0x17be	; 0x17be <vTaskInternalSetTimeOutState>
     910:	dd 24       	eor	r13, r13
     912:	d3 94       	inc	r13
     914:	0f 90       	pop	r0
     916:	0f be       	out	0x3f, r0	; 63
     918:	0e 94 9f 08 	call	0x113e	; 0x113e <vTaskSuspendAll>
     91c:	0f b6       	in	r0, 0x3f	; 63
     91e:	f8 94       	cli
     920:	0f 92       	push	r0
     922:	f8 01       	movw	r30, r16
     924:	85 8d       	ldd	r24, Z+29	; 0x1d
     926:	8f 3f       	cpi	r24, 0xFF	; 255
     928:	09 f4       	brne	.+2      	; 0x92c <xQueueGenericSend+0xa6>
     92a:	15 8e       	std	Z+29, r1	; 0x1d
     92c:	f8 01       	movw	r30, r16
     92e:	86 8d       	ldd	r24, Z+30	; 0x1e
     930:	8f 3f       	cpi	r24, 0xFF	; 255
     932:	09 f4       	brne	.+2      	; 0x936 <xQueueGenericSend+0xb0>
     934:	16 8e       	std	Z+30, r1	; 0x1e
     936:	0f 90       	pop	r0
     938:	0f be       	out	0x3f, r0	; 63
     93a:	be 01       	movw	r22, r28
     93c:	6c 5f       	subi	r22, 0xFC	; 252
     93e:	7f 4f       	sbci	r23, 0xFF	; 255
     940:	ce 01       	movw	r24, r28
     942:	01 96       	adiw	r24, 0x01	; 1
     944:	0e 94 ea 0b 	call	0x17d4	; 0x17d4 <xTaskCheckForTimeOut>
     948:	81 11       	cpse	r24, r1
     94a:	1b c0       	rjmp	.+54     	; 0x982 <xQueueGenericSend+0xfc>
     94c:	c8 01       	movw	r24, r16
     94e:	0e 94 d4 02 	call	0x5a8	; 0x5a8 <prvIsQueueFull>
     952:	88 23       	and	r24, r24
     954:	81 f0       	breq	.+32     	; 0x976 <xQueueGenericSend+0xf0>
     956:	6c 81       	ldd	r22, Y+4	; 0x04
     958:	7d 81       	ldd	r23, Y+5	; 0x05
     95a:	c8 01       	movw	r24, r16
     95c:	08 96       	adiw	r24, 0x08	; 8
     95e:	0e 94 10 0b 	call	0x1620	; 0x1620 <vTaskPlaceOnEventList>
     962:	c8 01       	movw	r24, r16
     964:	0e 94 5b 03 	call	0x6b6	; 0x6b6 <prvUnlockQueue>
     968:	0e 94 bf 09 	call	0x137e	; 0x137e <xTaskResumeAll>
     96c:	81 11       	cpse	r24, r1
     96e:	9e cf       	rjmp	.-196    	; 0x8ac <xQueueGenericSend+0x26>
     970:	0e 94 c4 01 	call	0x388	; 0x388 <vPortYield>
     974:	9b cf       	rjmp	.-202    	; 0x8ac <xQueueGenericSend+0x26>
     976:	c8 01       	movw	r24, r16
     978:	0e 94 5b 03 	call	0x6b6	; 0x6b6 <prvUnlockQueue>
     97c:	0e 94 bf 09 	call	0x137e	; 0x137e <xTaskResumeAll>
     980:	95 cf       	rjmp	.-214    	; 0x8ac <xQueueGenericSend+0x26>
     982:	c8 01       	movw	r24, r16
     984:	0e 94 5b 03 	call	0x6b6	; 0x6b6 <prvUnlockQueue>
     988:	0e 94 bf 09 	call	0x137e	; 0x137e <xTaskResumeAll>
     98c:	80 e0       	ldi	r24, 0x00	; 0
     98e:	0f 90       	pop	r0
     990:	0f 90       	pop	r0
     992:	0f 90       	pop	r0
     994:	0f 90       	pop	r0
     996:	0f 90       	pop	r0
     998:	df 91       	pop	r29
     99a:	cf 91       	pop	r28
     99c:	1f 91       	pop	r17
     99e:	0f 91       	pop	r16
     9a0:	ff 90       	pop	r15
     9a2:	ef 90       	pop	r14
     9a4:	df 90       	pop	r13
     9a6:	cf 90       	pop	r12
     9a8:	08 95       	ret

000009aa <prvInitialiseMutex>:
     9aa:	00 97       	sbiw	r24, 0x00	; 0
     9ac:	69 f0       	breq	.+26     	; 0x9c8 <prvInitialiseMutex+0x1e>
     9ae:	fc 01       	movw	r30, r24
     9b0:	15 82       	std	Z+5, r1	; 0x05
     9b2:	14 82       	std	Z+4, r1	; 0x04
     9b4:	11 82       	std	Z+1, r1	; 0x01
     9b6:	10 82       	st	Z, r1
     9b8:	16 82       	std	Z+6, r1	; 0x06
     9ba:	20 e0       	ldi	r18, 0x00	; 0
     9bc:	40 e0       	ldi	r20, 0x00	; 0
     9be:	50 e0       	ldi	r21, 0x00	; 0
     9c0:	60 e0       	ldi	r22, 0x00	; 0
     9c2:	70 e0       	ldi	r23, 0x00	; 0
     9c4:	0e 94 43 04 	call	0x886	; 0x886 <xQueueGenericSend>
     9c8:	08 95       	ret

000009ca <xQueueCreateMutex>:
     9ca:	cf 93       	push	r28
     9cc:	df 93       	push	r29
     9ce:	48 2f       	mov	r20, r24
     9d0:	60 e0       	ldi	r22, 0x00	; 0
     9d2:	81 e0       	ldi	r24, 0x01	; 1
     9d4:	0e 94 02 04 	call	0x804	; 0x804 <xQueueGenericCreate>
     9d8:	ec 01       	movw	r28, r24
     9da:	0e 94 d5 04 	call	0x9aa	; 0x9aa <prvInitialiseMutex>
     9de:	ce 01       	movw	r24, r28
     9e0:	df 91       	pop	r29
     9e2:	cf 91       	pop	r28
     9e4:	08 95       	ret

000009e6 <xQueueReceive>:
/*-----------------------------------------------------------*/

BaseType_t xQueueReceive( QueueHandle_t xQueue,
                          void * const pvBuffer,
                          TickType_t xTicksToWait )
{
     9e6:	cf 92       	push	r12
     9e8:	df 92       	push	r13
     9ea:	ef 92       	push	r14
     9ec:	ff 92       	push	r15
     9ee:	0f 93       	push	r16
     9f0:	1f 93       	push	r17
     9f2:	cf 93       	push	r28
     9f4:	df 93       	push	r29
     9f6:	00 d0       	rcall	.+0      	; 0x9f8 <xQueueReceive+0x12>
     9f8:	00 d0       	rcall	.+0      	; 0x9fa <xQueueReceive+0x14>
     9fa:	1f 92       	push	r1
     9fc:	cd b7       	in	r28, 0x3d	; 61
     9fe:	de b7       	in	r29, 0x3e	; 62
     a00:	8c 01       	movw	r16, r24
     a02:	6b 01       	movw	r12, r22
     a04:	5d 83       	std	Y+5, r21	; 0x05
     a06:	4c 83       	std	Y+4, r20	; 0x04
    BaseType_t xEntryTimeSet = pdFALSE;
     a08:	e1 2c       	mov	r14, r1
    }
    #endif

    for( ; ; )
    {
        taskENTER_CRITICAL();
     a0a:	0f b6       	in	r0, 0x3f	; 63
     a0c:	f8 94       	cli
     a0e:	0f 92       	push	r0
        {
            const UBaseType_t uxMessagesWaiting = pxQueue->uxMessagesWaiting;
     a10:	f8 01       	movw	r30, r16
     a12:	f2 8c       	ldd	r15, Z+26	; 0x1a

            /* Is there data in the queue now?  To be running the calling task
             * must be the highest priority task wanting to access the queue. */
            if( uxMessagesWaiting > ( UBaseType_t ) 0 )
     a14:	ff 20       	and	r15, r15
     a16:	a9 f0       	breq	.+42     	; 0xa42 <xQueueReceive+0x5c>
            {
                /* Data available, remove one item. */
                prvCopyDataFromQueue( pxQueue, pvBuffer );
     a18:	b6 01       	movw	r22, r12
     a1a:	c8 01       	movw	r24, r16
     a1c:	0e 94 41 03 	call	0x682	; 0x682 <prvCopyDataFromQueue>
                traceQUEUE_RECEIVE( pxQueue );
                pxQueue->uxMessagesWaiting = ( UBaseType_t ) ( uxMessagesWaiting - ( UBaseType_t ) 1 );
     a20:	fa 94       	dec	r15
     a22:	f8 01       	movw	r30, r16
     a24:	f2 8e       	std	Z+26, r15	; 0x1a

                /* There is now space in the queue, were any tasks waiting to
                 * post to the queue?  If so, unblock the highest priority waiting
                 * task. */
                if( listLIST_IS_EMPTY( &( pxQueue->xTasksWaitingToSend ) ) == pdFALSE )
     a26:	80 85       	ldd	r24, Z+8	; 0x08
     a28:	88 23       	and	r24, r24
     a2a:	39 f0       	breq	.+14     	; 0xa3a <xQueueReceive+0x54>
                {
                    if( xTaskRemoveFromEventList( &( pxQueue->xTasksWaitingToSend ) ) != pdFALSE )
     a2c:	c8 01       	movw	r24, r16
     a2e:	08 96       	adiw	r24, 0x08	; 8
     a30:	0e 94 22 0b 	call	0x1644	; 0x1644 <xTaskRemoveFromEventList>
     a34:	81 11       	cpse	r24, r1
                    {
                        queueYIELD_IF_USING_PREEMPTION();
     a36:	0e 94 c4 01 	call	0x388	; 0x388 <vPortYield>
                else
                {
                    mtCOVERAGE_TEST_MARKER();
                }

                taskEXIT_CRITICAL();
     a3a:	0f 90       	pop	r0
     a3c:	0f be       	out	0x3f, r0	; 63

                traceRETURN_xQueueReceive( pdPASS );

                return pdPASS;
     a3e:	81 e0       	ldi	r24, 0x01	; 1
     a40:	53 c0       	rjmp	.+166    	; 0xae8 <xQueueReceive+0x102>
            }
            else
            {
                if( xTicksToWait == ( TickType_t ) 0 )
     a42:	8c 81       	ldd	r24, Y+4	; 0x04
     a44:	9d 81       	ldd	r25, Y+5	; 0x05
     a46:	89 2b       	or	r24, r25
     a48:	21 f4       	brne	.+8      	; 0xa52 <xQueueReceive+0x6c>
                {
                    /* The queue was empty and no block time is specified (or
                     * the block time has expired) so leave now. */
                    taskEXIT_CRITICAL();
     a4a:	0f 90       	pop	r0
     a4c:	0f be       	out	0x3f, r0	; 63

                    traceQUEUE_RECEIVE_FAILED( pxQueue );
                    traceRETURN_xQueueReceive( errQUEUE_EMPTY );

                    return errQUEUE_EMPTY;
     a4e:	80 e0       	ldi	r24, 0x00	; 0
     a50:	4b c0       	rjmp	.+150    	; 0xae8 <xQueueReceive+0x102>
                }
                else if( xEntryTimeSet == pdFALSE )
     a52:	e1 10       	cpse	r14, r1
     a54:	06 c0       	rjmp	.+12     	; 0xa62 <xQueueReceive+0x7c>
                {
                    /* The queue was empty and a block time was specified so
                     * configure the timeout structure. */
                    vTaskInternalSetTimeOutState( &xTimeOut );
     a56:	ce 01       	movw	r24, r28
     a58:	01 96       	adiw	r24, 0x01	; 1
     a5a:	0e 94 df 0b 	call	0x17be	; 0x17be <vTaskInternalSetTimeOutState>
                    xEntryTimeSet = pdTRUE;
     a5e:	ee 24       	eor	r14, r14
     a60:	e3 94       	inc	r14
                    /* Entry time was already set. */
                    mtCOVERAGE_TEST_MARKER();
                }
            }
        }
        taskEXIT_CRITICAL();
     a62:	0f 90       	pop	r0
     a64:	0f be       	out	0x3f, r0	; 63

        /* Interrupts and other tasks can send to and receive from the queue
         * now the critical section has been exited. */

        vTaskSuspendAll();
     a66:	0e 94 9f 08 	call	0x113e	; 0x113e <vTaskSuspendAll>
        prvLockQueue( pxQueue );
     a6a:	0f b6       	in	r0, 0x3f	; 63
     a6c:	f8 94       	cli
     a6e:	0f 92       	push	r0
     a70:	f8 01       	movw	r30, r16
     a72:	85 8d       	ldd	r24, Z+29	; 0x1d
     a74:	8f 3f       	cpi	r24, 0xFF	; 255
     a76:	09 f4       	brne	.+2      	; 0xa7a <xQueueReceive+0x94>
     a78:	15 8e       	std	Z+29, r1	; 0x1d
     a7a:	f8 01       	movw	r30, r16
     a7c:	86 8d       	ldd	r24, Z+30	; 0x1e
     a7e:	8f 3f       	cpi	r24, 0xFF	; 255
     a80:	09 f4       	brne	.+2      	; 0xa84 <xQueueReceive+0x9e>
     a82:	16 8e       	std	Z+30, r1	; 0x1e
     a84:	0f 90       	pop	r0
     a86:	0f be       	out	0x3f, r0	; 63

        /* Update the timeout state to see if it has expired yet. */
        if( xTaskCheckForTimeOut( &xTimeOut, &xTicksToWait ) == pdFALSE )
     a88:	be 01       	movw	r22, r28
     a8a:	6c 5f       	subi	r22, 0xFC	; 252
     a8c:	7f 4f       	sbci	r23, 0xFF	; 255
     a8e:	ce 01       	movw	r24, r28
     a90:	01 96       	adiw	r24, 0x01	; 1
     a92:	0e 94 ea 0b 	call	0x17d4	; 0x17d4 <xTaskCheckForTimeOut>
     a96:	81 11       	cpse	r24, r1
     a98:	1b c0       	rjmp	.+54     	; 0xad0 <xQueueReceive+0xea>
        {
            /* The timeout has not expired.  If the queue is still empty place
             * the task on the list of tasks waiting to receive from the queue. */
            if( prvIsQueueEmpty( pxQueue ) != pdFALSE )
     a9a:	c8 01       	movw	r24, r16
     a9c:	0e 94 c7 02 	call	0x58e	; 0x58e <prvIsQueueEmpty>
     aa0:	88 23       	and	r24, r24
     aa2:	81 f0       	breq	.+32     	; 0xac4 <xQueueReceive+0xde>
            {
                traceBLOCKING_ON_QUEUE_RECEIVE( pxQueue );
                vTaskPlaceOnEventList( &( pxQueue->xTasksWaitingToReceive ), xTicksToWait );
     aa4:	6c 81       	ldd	r22, Y+4	; 0x04
     aa6:	7d 81       	ldd	r23, Y+5	; 0x05
     aa8:	c8 01       	movw	r24, r16
     aaa:	41 96       	adiw	r24, 0x11	; 17
     aac:	0e 94 10 0b 	call	0x1620	; 0x1620 <vTaskPlaceOnEventList>
                prvUnlockQueue( pxQueue );
     ab0:	c8 01       	movw	r24, r16
     ab2:	0e 94 5b 03 	call	0x6b6	; 0x6b6 <prvUnlockQueue>

                if( xTaskResumeAll() == pdFALSE )
     ab6:	0e 94 bf 09 	call	0x137e	; 0x137e <xTaskResumeAll>
     aba:	81 11       	cpse	r24, r1
     abc:	a6 cf       	rjmp	.-180    	; 0xa0a <xQueueReceive+0x24>
                {
                    taskYIELD_WITHIN_API();
     abe:	0e 94 c4 01 	call	0x388	; 0x388 <vPortYield>
     ac2:	a3 cf       	rjmp	.-186    	; 0xa0a <xQueueReceive+0x24>
            }
            else
            {
                /* The queue contains data again.  Loop back to try and read the
                 * data. */
                prvUnlockQueue( pxQueue );
     ac4:	c8 01       	movw	r24, r16
     ac6:	0e 94 5b 03 	call	0x6b6	; 0x6b6 <prvUnlockQueue>
                ( void ) xTaskResumeAll();
     aca:	0e 94 bf 09 	call	0x137e	; 0x137e <xTaskResumeAll>
     ace:	9d cf       	rjmp	.-198    	; 0xa0a <xQueueReceive+0x24>
        }
        else
        {
            /* Timed out.  If there is no data in the queue exit, otherwise loop
             * back and attempt to read the data. */
            prvUnlockQueue( pxQueue );
     ad0:	c8 01       	movw	r24, r16
     ad2:	0e 94 5b 03 	call	0x6b6	; 0x6b6 <prvUnlockQueue>
            ( void ) xTaskResumeAll();
     ad6:	0e 94 bf 09 	call	0x137e	; 0x137e <xTaskResumeAll>

            if( prvIsQueueEmpty( pxQueue ) != pdFALSE )
     ada:	c8 01       	movw	r24, r16
     adc:	0e 94 c7 02 	call	0x58e	; 0x58e <prvIsQueueEmpty>
     ae0:	88 23       	and	r24, r24
     ae2:	09 f4       	brne	.+2      	; 0xae6 <xQueueReceive+0x100>
     ae4:	92 cf       	rjmp	.-220    	; 0xa0a <xQueueReceive+0x24>
            {
                traceQUEUE_RECEIVE_FAILED( pxQueue );
                traceRETURN_xQueueReceive( errQUEUE_EMPTY );

                return errQUEUE_EMPTY;
     ae6:	80 e0       	ldi	r24, 0x00	; 0
            {
                mtCOVERAGE_TEST_MARKER();
            }
        }
    }
}
     ae8:	0f 90       	pop	r0
     aea:	0f 90       	pop	r0
     aec:	0f 90       	pop	r0
     aee:	0f 90       	pop	r0
     af0:	0f 90       	pop	r0
     af2:	df 91       	pop	r29
     af4:	cf 91       	pop	r28
     af6:	1f 91       	pop	r17
     af8:	0f 91       	pop	r16
     afa:	ff 90       	pop	r15
     afc:	ef 90       	pop	r14
     afe:	df 90       	pop	r13
     b00:	cf 90       	pop	r12
     b02:	08 95       	ret

00000b04 <xQueueSemaphoreTake>:
/*-----------------------------------------------------------*/

BaseType_t xQueueSemaphoreTake( QueueHandle_t xQueue,
                                TickType_t xTicksToWait )
{
     b04:	ef 92       	push	r14
     b06:	ff 92       	push	r15
     b08:	0f 93       	push	r16
     b0a:	1f 93       	push	r17
     b0c:	cf 93       	push	r28
     b0e:	df 93       	push	r29
     b10:	00 d0       	rcall	.+0      	; 0xb12 <xQueueSemaphoreTake+0xe>
     b12:	00 d0       	rcall	.+0      	; 0xb14 <xQueueSemaphoreTake+0x10>
     b14:	1f 92       	push	r1
     b16:	cd b7       	in	r28, 0x3d	; 61
     b18:	de b7       	in	r29, 0x3e	; 62
     b1a:	8c 01       	movw	r16, r24
     b1c:	7d 83       	std	Y+5, r23	; 0x05
     b1e:	6c 83       	std	Y+4, r22	; 0x04
    BaseType_t xEntryTimeSet = pdFALSE;
    TimeOut_t xTimeOut;
    Queue_t * const pxQueue = xQueue;

    #if ( configUSE_MUTEXES == 1 )
        BaseType_t xInheritanceOccurred = pdFALSE;
     b20:	e1 2c       	mov	r14, r1
/*-----------------------------------------------------------*/

BaseType_t xQueueSemaphoreTake( QueueHandle_t xQueue,
                                TickType_t xTicksToWait )
{
    BaseType_t xEntryTimeSet = pdFALSE;
     b22:	f1 2c       	mov	r15, r1
    }
    #endif

    for( ; ; )
    {
        taskENTER_CRITICAL();
     b24:	0f b6       	in	r0, 0x3f	; 63
     b26:	f8 94       	cli
     b28:	0f 92       	push	r0
        {
            /* Semaphores are queues with an item size of 0, and where the
             * number of messages in the queue is the semaphore's count value. */
            const UBaseType_t uxSemaphoreCount = pxQueue->uxMessagesWaiting;
     b2a:	f8 01       	movw	r30, r16
     b2c:	82 8d       	ldd	r24, Z+26	; 0x1a

            /* Is there data in the queue now?  To be running the calling task
             * must be the highest priority task wanting to access the queue. */
            if( uxSemaphoreCount > ( UBaseType_t ) 0 )
     b2e:	88 23       	and	r24, r24
     b30:	d1 f0       	breq	.+52     	; 0xb66 <xQueueSemaphoreTake+0x62>
            {
                traceQUEUE_RECEIVE( pxQueue );

                /* Semaphores are queues with a data size of zero and where the
                 * messages waiting is the semaphore's count.  Reduce the count. */
                pxQueue->uxMessagesWaiting = ( UBaseType_t ) ( uxSemaphoreCount - ( UBaseType_t ) 1 );
     b32:	81 50       	subi	r24, 0x01	; 1
     b34:	82 8f       	std	Z+26, r24	; 0x1a

                #if ( configUSE_MUTEXES == 1 )
                {
                    if( pxQueue->uxQueueType == queueQUEUE_IS_MUTEX )
     b36:	80 81       	ld	r24, Z
     b38:	91 81       	ldd	r25, Z+1	; 0x01
     b3a:	89 2b       	or	r24, r25
     b3c:	29 f4       	brne	.+10     	; 0xb48 <xQueueSemaphoreTake+0x44>
                    {
                        /* Record the information required to implement
                         * priority inheritance should it become necessary. */
                        pxQueue->u.xSemaphore.xMutexHolder = pvTaskIncrementMutexHeldCount();
     b3e:	0e 94 8a 0d 	call	0x1b14	; 0x1b14 <pvTaskIncrementMutexHeldCount>
     b42:	f8 01       	movw	r30, r16
     b44:	95 83       	std	Z+5, r25	; 0x05
     b46:	84 83       	std	Z+4, r24	; 0x04
                }
                #endif /* configUSE_MUTEXES */

                /* Check to see if other tasks are blocked waiting to give the
                 * semaphore, and if so, unblock the highest priority such task. */
                if( listLIST_IS_EMPTY( &( pxQueue->xTasksWaitingToSend ) ) == pdFALSE )
     b48:	f8 01       	movw	r30, r16
     b4a:	80 85       	ldd	r24, Z+8	; 0x08
     b4c:	88 23       	and	r24, r24
     b4e:	39 f0       	breq	.+14     	; 0xb5e <xQueueSemaphoreTake+0x5a>
                {
                    if( xTaskRemoveFromEventList( &( pxQueue->xTasksWaitingToSend ) ) != pdFALSE )
     b50:	c8 01       	movw	r24, r16
     b52:	08 96       	adiw	r24, 0x08	; 8
     b54:	0e 94 22 0b 	call	0x1644	; 0x1644 <xTaskRemoveFromEventList>
     b58:	81 11       	cpse	r24, r1
                    {
                        queueYIELD_IF_USING_PREEMPTION();
     b5a:	0e 94 c4 01 	call	0x388	; 0x388 <vPortYield>
                else
                {
                    mtCOVERAGE_TEST_MARKER();
                }

                taskEXIT_CRITICAL();
     b5e:	0f 90       	pop	r0
     b60:	0f be       	out	0x3f, r0	; 63

                traceRETURN_xQueueSemaphoreTake( pdPASS );

                return pdPASS;
     b62:	81 e0       	ldi	r24, 0x01	; 1
     b64:	74 c0       	rjmp	.+232    	; 0xc4e <xQueueSemaphoreTake+0x14a>
            }
            else
            {
                if( xTicksToWait == ( TickType_t ) 0 )
     b66:	8c 81       	ldd	r24, Y+4	; 0x04
     b68:	9d 81       	ldd	r25, Y+5	; 0x05
     b6a:	89 2b       	or	r24, r25
     b6c:	21 f4       	brne	.+8      	; 0xb76 <xQueueSemaphoreTake+0x72>
                {
                    /* The semaphore count was 0 and no block time is specified
                     * (or the block time has expired) so exit now. */
                    taskEXIT_CRITICAL();
     b6e:	0f 90       	pop	r0
     b70:	0f be       	out	0x3f, r0	; 63

                    traceQUEUE_RECEIVE_FAILED( pxQueue );
                    traceRETURN_xQueueSemaphoreTake( errQUEUE_EMPTY );

                    return errQUEUE_EMPTY;
     b72:	80 e0       	ldi	r24, 0x00	; 0
     b74:	6c c0       	rjmp	.+216    	; 0xc4e <xQueueSemaphoreTake+0x14a>
                }
                else if( xEntryTimeSet == pdFALSE )
     b76:	f1 10       	cpse	r15, r1
     b78:	06 c0       	rjmp	.+12     	; 0xb86 <xQueueSemaphoreTake+0x82>
                {
                    /* The semaphore count was 0 and a block time was specified
                     * so configure the timeout structure ready to block. */
                    vTaskInternalSetTimeOutState( &xTimeOut );
     b7a:	ce 01       	movw	r24, r28
     b7c:	01 96       	adiw	r24, 0x01	; 1
     b7e:	0e 94 df 0b 	call	0x17be	; 0x17be <vTaskInternalSetTimeOutState>
                    xEntryTimeSet = pdTRUE;
     b82:	ff 24       	eor	r15, r15
     b84:	f3 94       	inc	r15
                    /* Entry time was already set. */
                    mtCOVERAGE_TEST_MARKER();
                }
            }
        }
        taskEXIT_CRITICAL();
     b86:	0f 90       	pop	r0
     b88:	0f be       	out	0x3f, r0	; 63

        /* Interrupts and other tasks can give to and take from the semaphore
         * now the critical section has been exited. */

        vTaskSuspendAll();
     b8a:	0e 94 9f 08 	call	0x113e	; 0x113e <vTaskSuspendAll>
        prvLockQueue( pxQueue );
     b8e:	0f b6       	in	r0, 0x3f	; 63
     b90:	f8 94       	cli
     b92:	0f 92       	push	r0
     b94:	f8 01       	movw	r30, r16
     b96:	85 8d       	ldd	r24, Z+29	; 0x1d
     b98:	8f 3f       	cpi	r24, 0xFF	; 255
     b9a:	09 f4       	brne	.+2      	; 0xb9e <xQueueSemaphoreTake+0x9a>
     b9c:	15 8e       	std	Z+29, r1	; 0x1d
     b9e:	f8 01       	movw	r30, r16
     ba0:	86 8d       	ldd	r24, Z+30	; 0x1e
     ba2:	8f 3f       	cpi	r24, 0xFF	; 255
     ba4:	09 f4       	brne	.+2      	; 0xba8 <xQueueSemaphoreTake+0xa4>
     ba6:	16 8e       	std	Z+30, r1	; 0x1e
     ba8:	0f 90       	pop	r0
     baa:	0f be       	out	0x3f, r0	; 63

        /* Update the timeout state to see if it has expired yet. */
        if( xTaskCheckForTimeOut( &xTimeOut, &xTicksToWait ) == pdFALSE )
     bac:	be 01       	movw	r22, r28
     bae:	6c 5f       	subi	r22, 0xFC	; 252
     bb0:	7f 4f       	sbci	r23, 0xFF	; 255
     bb2:	ce 01       	movw	r24, r28
     bb4:	01 96       	adiw	r24, 0x01	; 1
     bb6:	0e 94 ea 0b 	call	0x17d4	; 0x17d4 <xTaskCheckForTimeOut>
     bba:	81 11       	cpse	r24, r1
     bbc:	2a c0       	rjmp	.+84     	; 0xc12 <xQueueSemaphoreTake+0x10e>
        {
            /* A block time is specified and not expired.  If the semaphore
             * count is 0 then enter the Blocked state to wait for a semaphore to
             * become available.  As semaphores are implemented with queues the
             * queue being empty is equivalent to the semaphore count being 0. */
            if( prvIsQueueEmpty( pxQueue ) != pdFALSE )
     bbe:	c8 01       	movw	r24, r16
     bc0:	0e 94 c7 02 	call	0x58e	; 0x58e <prvIsQueueEmpty>
     bc4:	88 23       	and	r24, r24
     bc6:	f9 f0       	breq	.+62     	; 0xc06 <xQueueSemaphoreTake+0x102>
            {
                traceBLOCKING_ON_QUEUE_RECEIVE( pxQueue );

                #if ( configUSE_MUTEXES == 1 )
                {
                    if( pxQueue->uxQueueType == queueQUEUE_IS_MUTEX )
     bc8:	f8 01       	movw	r30, r16
     bca:	80 81       	ld	r24, Z
     bcc:	91 81       	ldd	r25, Z+1	; 0x01
     bce:	89 2b       	or	r24, r25
     bd0:	51 f4       	brne	.+20     	; 0xbe6 <xQueueSemaphoreTake+0xe2>
                    {
                        taskENTER_CRITICAL();
     bd2:	0f b6       	in	r0, 0x3f	; 63
     bd4:	f8 94       	cli
     bd6:	0f 92       	push	r0
                        {
                            xInheritanceOccurred = xTaskPriorityInherit( pxQueue->u.xSemaphore.xMutexHolder );
     bd8:	84 81       	ldd	r24, Z+4	; 0x04
     bda:	95 81       	ldd	r25, Z+5	; 0x05
     bdc:	0e 94 20 0c 	call	0x1840	; 0x1840 <xTaskPriorityInherit>
     be0:	e8 2e       	mov	r14, r24
                        }
                        taskEXIT_CRITICAL();
     be2:	0f 90       	pop	r0
     be4:	0f be       	out	0x3f, r0	; 63
                        mtCOVERAGE_TEST_MARKER();
                    }
                }
                #endif /* if ( configUSE_MUTEXES == 1 ) */

                vTaskPlaceOnEventList( &( pxQueue->xTasksWaitingToReceive ), xTicksToWait );
     be6:	6c 81       	ldd	r22, Y+4	; 0x04
     be8:	7d 81       	ldd	r23, Y+5	; 0x05
     bea:	c8 01       	movw	r24, r16
     bec:	41 96       	adiw	r24, 0x11	; 17
     bee:	0e 94 10 0b 	call	0x1620	; 0x1620 <vTaskPlaceOnEventList>
                prvUnlockQueue( pxQueue );
     bf2:	c8 01       	movw	r24, r16
     bf4:	0e 94 5b 03 	call	0x6b6	; 0x6b6 <prvUnlockQueue>

                if( xTaskResumeAll() == pdFALSE )
     bf8:	0e 94 bf 09 	call	0x137e	; 0x137e <xTaskResumeAll>
     bfc:	81 11       	cpse	r24, r1
     bfe:	92 cf       	rjmp	.-220    	; 0xb24 <xQueueSemaphoreTake+0x20>
                {
                    taskYIELD_WITHIN_API();
     c00:	0e 94 c4 01 	call	0x388	; 0x388 <vPortYield>
     c04:	8f cf       	rjmp	.-226    	; 0xb24 <xQueueSemaphoreTake+0x20>
            }
            else
            {
                /* There was no timeout and the semaphore count was not 0, so
                 * attempt to take the semaphore again. */
                prvUnlockQueue( pxQueue );
     c06:	c8 01       	movw	r24, r16
     c08:	0e 94 5b 03 	call	0x6b6	; 0x6b6 <prvUnlockQueue>
                ( void ) xTaskResumeAll();
     c0c:	0e 94 bf 09 	call	0x137e	; 0x137e <xTaskResumeAll>
     c10:	89 cf       	rjmp	.-238    	; 0xb24 <xQueueSemaphoreTake+0x20>
            }
        }
        else
        {
            /* Timed out. */
            prvUnlockQueue( pxQueue );
     c12:	c8 01       	movw	r24, r16
     c14:	0e 94 5b 03 	call	0x6b6	; 0x6b6 <prvUnlockQueue>
            ( void ) xTaskResumeAll();
     c18:	0e 94 bf 09 	call	0x137e	; 0x137e <xTaskResumeAll>

            /* If the semaphore count is 0 exit now as the timeout has
             * expired.  Otherwise return to attempt to take the semaphore that is
             * known to be available.  As semaphores are implemented by queues the
             * queue being empty is equivalent to the semaphore count being 0. */
            if( prvIsQueueEmpty( pxQueue ) != pdFALSE )
     c1c:	c8 01       	movw	r24, r16
     c1e:	0e 94 c7 02 	call	0x58e	; 0x58e <prvIsQueueEmpty>
     c22:	88 23       	and	r24, r24
     c24:	09 f4       	brne	.+2      	; 0xc28 <xQueueSemaphoreTake+0x124>
     c26:	7e cf       	rjmp	.-260    	; 0xb24 <xQueueSemaphoreTake+0x20>
                #if ( configUSE_MUTEXES == 1 )
                {
                    /* xInheritanceOccurred could only have be set if
                     * pxQueue->uxQueueType == queueQUEUE_IS_MUTEX so no need to
                     * test the mutex type again to check it is actually a mutex. */
                    if( xInheritanceOccurred != pdFALSE )
     c28:	ee 20       	and	r14, r14
     c2a:	81 f0       	breq	.+32     	; 0xc4c <xQueueSemaphoreTake+0x148>
                    {
                        taskENTER_CRITICAL();
     c2c:	0f b6       	in	r0, 0x3f	; 63
     c2e:	f8 94       	cli
     c30:	0f 92       	push	r0
                            /* This task blocking on the mutex caused another
                             * task to inherit this task's priority.  Now this task
                             * has timed out the priority should be disinherited
                             * again, but only as low as the next highest priority
                             * task that is waiting for the same mutex. */
                            uxHighestWaitingPriority = prvGetDisinheritPriorityAfterTimeout( pxQueue );
     c32:	c8 01       	movw	r24, r16
     c34:	0e 94 b7 02 	call	0x56e	; 0x56e <prvGetDisinheritPriorityAfterTimeout>
                             * mutex to the ready list for its new priority. Coverity thinks that
                             * it can result in out-of-bounds access which is not true because
                             * uxHighestWaitingPriority, as returned by prvGetDisinheritPriorityAfterTimeout,
                             * is capped at ( configMAX_PRIORITIES - 1 ). */
                            /* coverity[overrun] */
                            vTaskPriorityDisinheritAfterTimeout( pxQueue->u.xSemaphore.xMutexHolder, uxHighestWaitingPriority );
     c38:	68 2f       	mov	r22, r24
     c3a:	f8 01       	movw	r30, r16
     c3c:	84 81       	ldd	r24, Z+4	; 0x04
     c3e:	95 81       	ldd	r25, Z+5	; 0x05
     c40:	0e 94 17 0d 	call	0x1a2e	; 0x1a2e <vTaskPriorityDisinheritAfterTimeout>
                        }
                        taskEXIT_CRITICAL();
     c44:	0f 90       	pop	r0
     c46:	0f be       	out	0x3f, r0	; 63
                #endif /* configUSE_MUTEXES */

                traceQUEUE_RECEIVE_FAILED( pxQueue );
                traceRETURN_xQueueSemaphoreTake( errQUEUE_EMPTY );

                return errQUEUE_EMPTY;
     c48:	80 e0       	ldi	r24, 0x00	; 0
     c4a:	01 c0       	rjmp	.+2      	; 0xc4e <xQueueSemaphoreTake+0x14a>
     c4c:	80 e0       	ldi	r24, 0x00	; 0
            {
                mtCOVERAGE_TEST_MARKER();
            }
        }
    }
}
     c4e:	0f 90       	pop	r0
     c50:	0f 90       	pop	r0
     c52:	0f 90       	pop	r0
     c54:	0f 90       	pop	r0
     c56:	0f 90       	pop	r0
     c58:	df 91       	pop	r29
     c5a:	cf 91       	pop	r28
     c5c:	1f 91       	pop	r17
     c5e:	0f 91       	pop	r16
     c60:	ff 90       	pop	r15
     c62:	ef 90       	pop	r14
     c64:	08 95       	ret

00000c66 <prvResetNextTaskUnblockTime>:
    listSET_LIST_ITEM_VALUE( &( pxCurrentTCB->xEventListItem ), ( ( TickType_t ) configMAX_PRIORITIES - ( TickType_t ) pxCurrentTCB->uxPriority ) );

    traceRETURN_uxTaskResetEventItemValue( uxReturn );

    return uxReturn;
}
     c66:	e0 91 2e 03 	lds	r30, 0x032E	; 0x80032e <pxDelayedTaskList>
     c6a:	f0 91 2f 03 	lds	r31, 0x032F	; 0x80032f <pxDelayedTaskList+0x1>
     c6e:	80 81       	ld	r24, Z
     c70:	81 11       	cpse	r24, r1
     c72:	07 c0       	rjmp	.+14     	; 0xc82 <prvResetNextTaskUnblockTime+0x1c>
     c74:	8f ef       	ldi	r24, 0xFF	; 255
     c76:	9f ef       	ldi	r25, 0xFF	; 255
     c78:	90 93 0e 03 	sts	0x030E, r25	; 0x80030e <xNextTaskUnblockTime+0x1>
     c7c:	80 93 0d 03 	sts	0x030D, r24	; 0x80030d <xNextTaskUnblockTime>
     c80:	08 95       	ret
     c82:	e0 91 2e 03 	lds	r30, 0x032E	; 0x80032e <pxDelayedTaskList>
     c86:	f0 91 2f 03 	lds	r31, 0x032F	; 0x80032f <pxDelayedTaskList+0x1>
     c8a:	05 80       	ldd	r0, Z+5	; 0x05
     c8c:	f6 81       	ldd	r31, Z+6	; 0x06
     c8e:	e0 2d       	mov	r30, r0
     c90:	80 81       	ld	r24, Z
     c92:	91 81       	ldd	r25, Z+1	; 0x01
     c94:	90 93 0e 03 	sts	0x030E, r25	; 0x80030e <xNextTaskUnblockTime+0x1>
     c98:	80 93 0d 03 	sts	0x030D, r24	; 0x80030d <xNextTaskUnblockTime>
     c9c:	08 95       	ret

00000c9e <prvDeleteTCB>:
     c9e:	cf 93       	push	r28
     ca0:	df 93       	push	r29
     ca2:	ec 01       	movw	r28, r24
     ca4:	8f 89       	ldd	r24, Y+23	; 0x17
     ca6:	98 8d       	ldd	r25, Y+24	; 0x18
     ca8:	0e 94 b6 02 	call	0x56c	; 0x56c <vPortFree>
     cac:	ce 01       	movw	r24, r28
     cae:	0e 94 b6 02 	call	0x56c	; 0x56c <vPortFree>
     cb2:	df 91       	pop	r29
     cb4:	cf 91       	pop	r28
     cb6:	08 95       	ret

00000cb8 <prvInitialiseNewTask>:
     cb8:	8f 92       	push	r8
     cba:	9f 92       	push	r9
     cbc:	af 92       	push	r10
     cbe:	bf 92       	push	r11
     cc0:	cf 92       	push	r12
     cc2:	df 92       	push	r13
     cc4:	ef 92       	push	r14
     cc6:	ff 92       	push	r15
     cc8:	0f 93       	push	r16
     cca:	cf 93       	push	r28
     ccc:	df 93       	push	r29
     cce:	5c 01       	movw	r10, r24
     cd0:	49 01       	movw	r8, r18
     cd2:	e6 01       	movw	r28, r12
     cd4:	cf 88       	ldd	r12, Y+23	; 0x17
     cd6:	d8 8c       	ldd	r13, Y+24	; 0x18
     cd8:	50 e0       	ldi	r21, 0x00	; 0
     cda:	41 50       	subi	r20, 0x01	; 1
     cdc:	51 09       	sbc	r21, r1
     cde:	c4 0e       	add	r12, r20
     ce0:	d5 1e       	adc	r13, r21
     ce2:	61 15       	cp	r22, r1
     ce4:	71 05       	cpc	r23, r1
     ce6:	89 f4       	brne	.+34     	; 0xd0a <prvInitialiseNewTask+0x52>
     ce8:	14 c0       	rjmp	.+40     	; 0xd12 <prvInitialiseNewTask+0x5a>
     cea:	82 2f       	mov	r24, r18
     cec:	90 e0       	ldi	r25, 0x00	; 0
     cee:	fb 01       	movw	r30, r22
     cf0:	e8 0f       	add	r30, r24
     cf2:	f9 1f       	adc	r31, r25
     cf4:	30 81       	ld	r19, Z
     cf6:	de 01       	movw	r26, r28
     cf8:	a8 0f       	add	r26, r24
     cfa:	b9 1f       	adc	r27, r25
     cfc:	59 96       	adiw	r26, 0x19	; 25
     cfe:	3c 93       	st	X, r19
     d00:	80 81       	ld	r24, Z
     d02:	88 23       	and	r24, r24
     d04:	29 f0       	breq	.+10     	; 0xd10 <prvInitialiseNewTask+0x58>
     d06:	2f 5f       	subi	r18, 0xFF	; 255
     d08:	01 c0       	rjmp	.+2      	; 0xd0c <prvInitialiseNewTask+0x54>
     d0a:	20 e0       	ldi	r18, 0x00	; 0
     d0c:	24 30       	cpi	r18, 0x04	; 4
     d0e:	68 f3       	brcs	.-38     	; 0xcea <prvInitialiseNewTask+0x32>
     d10:	1c 8e       	std	Y+28, r1	; 0x1c
     d12:	04 30       	cpi	r16, 0x04	; 4
     d14:	08 f0       	brcs	.+2      	; 0xd18 <prvInitialiseNewTask+0x60>
     d16:	03 e0       	ldi	r16, 0x03	; 3
     d18:	0e 8b       	std	Y+22, r16	; 0x16
     d1a:	0d 8f       	std	Y+29, r16	; 0x1d
     d1c:	ce 01       	movw	r24, r28
     d1e:	02 96       	adiw	r24, 0x02	; 2
     d20:	0e 94 c0 00 	call	0x180	; 0x180 <vListInitialiseItem>
     d24:	ce 01       	movw	r24, r28
     d26:	0c 96       	adiw	r24, 0x0c	; 12
     d28:	0e 94 c0 00 	call	0x180	; 0x180 <vListInitialiseItem>
     d2c:	d9 87       	std	Y+9, r29	; 0x09
     d2e:	c8 87       	std	Y+8, r28	; 0x08
     d30:	84 e0       	ldi	r24, 0x04	; 4
     d32:	90 e0       	ldi	r25, 0x00	; 0
     d34:	80 1b       	sub	r24, r16
     d36:	91 09       	sbc	r25, r1
     d38:	9d 87       	std	Y+13, r25	; 0x0d
     d3a:	8c 87       	std	Y+12, r24	; 0x0c
     d3c:	db 8b       	std	Y+19, r29	; 0x13
     d3e:	ca 8b       	std	Y+18, r28	; 0x12
     d40:	a4 01       	movw	r20, r8
     d42:	b5 01       	movw	r22, r10
     d44:	c6 01       	movw	r24, r12
     d46:	0e 94 29 01 	call	0x252	; 0x252 <pxPortInitialiseStack>
     d4a:	99 83       	std	Y+1, r25	; 0x01
     d4c:	88 83       	st	Y, r24
     d4e:	e1 14       	cp	r14, r1
     d50:	f1 04       	cpc	r15, r1
     d52:	19 f0       	breq	.+6      	; 0xd5a <prvInitialiseNewTask+0xa2>
     d54:	f7 01       	movw	r30, r14
     d56:	d1 83       	std	Z+1, r29	; 0x01
     d58:	c0 83       	st	Z, r28
     d5a:	df 91       	pop	r29
     d5c:	cf 91       	pop	r28
     d5e:	0f 91       	pop	r16
     d60:	ff 90       	pop	r15
     d62:	ef 90       	pop	r14
     d64:	df 90       	pop	r13
     d66:	cf 90       	pop	r12
     d68:	bf 90       	pop	r11
     d6a:	af 90       	pop	r10
     d6c:	9f 90       	pop	r9
     d6e:	8f 90       	pop	r8
     d70:	08 95       	ret

00000d72 <prvCreateTask>:
     d72:	4f 92       	push	r4
     d74:	5f 92       	push	r5
     d76:	6f 92       	push	r6
     d78:	7f 92       	push	r7
     d7a:	8f 92       	push	r8
     d7c:	9f 92       	push	r9
     d7e:	af 92       	push	r10
     d80:	bf 92       	push	r11
     d82:	cf 92       	push	r12
     d84:	df 92       	push	r13
     d86:	ef 92       	push	r14
     d88:	ff 92       	push	r15
     d8a:	0f 93       	push	r16
     d8c:	1f 93       	push	r17
     d8e:	cf 93       	push	r28
     d90:	df 93       	push	r29
     d92:	2c 01       	movw	r4, r24
     d94:	4b 01       	movw	r8, r22
     d96:	14 2f       	mov	r17, r20
     d98:	39 01       	movw	r6, r18
     d9a:	84 2f       	mov	r24, r20
     d9c:	90 e0       	ldi	r25, 0x00	; 0
     d9e:	0e 94 7c 02 	call	0x4f8	; 0x4f8 <pvPortMalloc>
     da2:	6c 01       	movw	r12, r24
     da4:	89 2b       	or	r24, r25
     da6:	99 f0       	breq	.+38     	; 0xdce <prvCreateTask+0x5c>
     da8:	84 e2       	ldi	r24, 0x24	; 36
     daa:	90 e0       	ldi	r25, 0x00	; 0
     dac:	0e 94 7c 02 	call	0x4f8	; 0x4f8 <pvPortMalloc>
     db0:	ec 01       	movw	r28, r24
     db2:	89 2b       	or	r24, r25
     db4:	41 f0       	breq	.+16     	; 0xdc6 <prvCreateTask+0x54>
     db6:	84 e2       	ldi	r24, 0x24	; 36
     db8:	fe 01       	movw	r30, r28
     dba:	11 92       	st	Z+, r1
     dbc:	8a 95       	dec	r24
     dbe:	e9 f7       	brne	.-6      	; 0xdba <prvCreateTask+0x48>
     dc0:	d8 8e       	std	Y+24, r13	; 0x18
     dc2:	cf 8a       	std	Y+23, r12	; 0x17
     dc4:	06 c0       	rjmp	.+12     	; 0xdd2 <prvCreateTask+0x60>
     dc6:	c6 01       	movw	r24, r12
     dc8:	0e 94 b6 02 	call	0x56c	; 0x56c <vPortFree>
     dcc:	02 c0       	rjmp	.+4      	; 0xdd2 <prvCreateTask+0x60>
     dce:	c0 e0       	ldi	r28, 0x00	; 0
     dd0:	d0 e0       	ldi	r29, 0x00	; 0
     dd2:	20 97       	sbiw	r28, 0x00	; 0
     dd4:	49 f0       	breq	.+18     	; 0xde8 <prvCreateTask+0x76>
     dd6:	a1 2c       	mov	r10, r1
     dd8:	b1 2c       	mov	r11, r1
     dda:	6e 01       	movw	r12, r28
     ddc:	93 01       	movw	r18, r6
     dde:	41 2f       	mov	r20, r17
     de0:	b4 01       	movw	r22, r8
     de2:	c2 01       	movw	r24, r4
     de4:	0e 94 5c 06 	call	0xcb8	; 0xcb8 <prvInitialiseNewTask>
     de8:	ce 01       	movw	r24, r28
     dea:	df 91       	pop	r29
     dec:	cf 91       	pop	r28
     dee:	1f 91       	pop	r17
     df0:	0f 91       	pop	r16
     df2:	ff 90       	pop	r15
     df4:	ef 90       	pop	r14
     df6:	df 90       	pop	r13
     df8:	cf 90       	pop	r12
     dfa:	bf 90       	pop	r11
     dfc:	af 90       	pop	r10
     dfe:	9f 90       	pop	r9
     e00:	8f 90       	pop	r8
     e02:	7f 90       	pop	r7
     e04:	6f 90       	pop	r6
     e06:	5f 90       	pop	r5
     e08:	4f 90       	pop	r4
     e0a:	08 95       	ret

00000e0c <prvInitialiseTaskLists>:
     e0c:	cf 93       	push	r28
     e0e:	c0 e0       	ldi	r28, 0x00	; 0
     e10:	10 c0       	rjmp	.+32     	; 0xe32 <prvInitialiseTaskLists+0x26>
     e12:	8c 2f       	mov	r24, r28
     e14:	90 e0       	ldi	r25, 0x00	; 0
     e16:	9c 01       	movw	r18, r24
     e18:	22 0f       	add	r18, r18
     e1a:	33 1f       	adc	r19, r19
     e1c:	22 0f       	add	r18, r18
     e1e:	33 1f       	adc	r19, r19
     e20:	22 0f       	add	r18, r18
     e22:	33 1f       	adc	r19, r19
     e24:	82 0f       	add	r24, r18
     e26:	93 1f       	adc	r25, r19
     e28:	8e 5b       	subi	r24, 0xBE	; 190
     e2a:	9c 4f       	sbci	r25, 0xFC	; 252
     e2c:	0e 94 b2 00 	call	0x164	; 0x164 <vListInitialise>
     e30:	cf 5f       	subi	r28, 0xFF	; 255
     e32:	c4 30       	cpi	r28, 0x04	; 4
     e34:	70 f3       	brcs	.-36     	; 0xe12 <prvInitialiseTaskLists+0x6>
     e36:	89 e3       	ldi	r24, 0x39	; 57
     e38:	93 e0       	ldi	r25, 0x03	; 3
     e3a:	0e 94 b2 00 	call	0x164	; 0x164 <vListInitialise>
     e3e:	80 e3       	ldi	r24, 0x30	; 48
     e40:	93 e0       	ldi	r25, 0x03	; 3
     e42:	0e 94 b2 00 	call	0x164	; 0x164 <vListInitialise>
     e46:	83 e2       	ldi	r24, 0x23	; 35
     e48:	93 e0       	ldi	r25, 0x03	; 3
     e4a:	0e 94 b2 00 	call	0x164	; 0x164 <vListInitialise>
     e4e:	8a e1       	ldi	r24, 0x1A	; 26
     e50:	93 e0       	ldi	r25, 0x03	; 3
     e52:	0e 94 b2 00 	call	0x164	; 0x164 <vListInitialise>
     e56:	89 e3       	ldi	r24, 0x39	; 57
     e58:	93 e0       	ldi	r25, 0x03	; 3
     e5a:	90 93 2f 03 	sts	0x032F, r25	; 0x80032f <pxDelayedTaskList+0x1>
     e5e:	80 93 2e 03 	sts	0x032E, r24	; 0x80032e <pxDelayedTaskList>
     e62:	80 e3       	ldi	r24, 0x30	; 48
     e64:	93 e0       	ldi	r25, 0x03	; 3
     e66:	90 93 2d 03 	sts	0x032D, r25	; 0x80032d <pxOverflowDelayedTaskList+0x1>
     e6a:	80 93 2c 03 	sts	0x032C, r24	; 0x80032c <pxOverflowDelayedTaskList>
     e6e:	cf 91       	pop	r28
     e70:	08 95       	ret

00000e72 <prvAddNewTaskToReadyList>:
     e72:	cf 93       	push	r28
     e74:	df 93       	push	r29
     e76:	ec 01       	movw	r28, r24
     e78:	0f b6       	in	r0, 0x3f	; 63
     e7a:	f8 94       	cli
     e7c:	0f 92       	push	r0
     e7e:	80 91 18 03 	lds	r24, 0x0318	; 0x800318 <uxCurrentNumberOfTasks>
     e82:	8f 5f       	subi	r24, 0xFF	; 255
     e84:	80 93 18 03 	sts	0x0318, r24	; 0x800318 <uxCurrentNumberOfTasks>
     e88:	80 91 66 03 	lds	r24, 0x0366	; 0x800366 <pxCurrentTCB>
     e8c:	90 91 67 03 	lds	r25, 0x0367	; 0x800367 <pxCurrentTCB+0x1>
     e90:	89 2b       	or	r24, r25
     e92:	59 f4       	brne	.+22     	; 0xeaa <prvAddNewTaskToReadyList+0x38>
     e94:	d0 93 67 03 	sts	0x0367, r29	; 0x800367 <pxCurrentTCB+0x1>
     e98:	c0 93 66 03 	sts	0x0366, r28	; 0x800366 <pxCurrentTCB>
     e9c:	80 91 18 03 	lds	r24, 0x0318	; 0x800318 <uxCurrentNumberOfTasks>
     ea0:	81 30       	cpi	r24, 0x01	; 1
     ea2:	99 f4       	brne	.+38     	; 0xeca <prvAddNewTaskToReadyList+0x58>
     ea4:	0e 94 06 07 	call	0xe0c	; 0xe0c <prvInitialiseTaskLists>
     ea8:	10 c0       	rjmp	.+32     	; 0xeca <prvAddNewTaskToReadyList+0x58>
     eaa:	80 91 14 03 	lds	r24, 0x0314	; 0x800314 <xSchedulerRunning>
     eae:	81 11       	cpse	r24, r1
     eb0:	0c c0       	rjmp	.+24     	; 0xeca <prvAddNewTaskToReadyList+0x58>
     eb2:	e0 91 66 03 	lds	r30, 0x0366	; 0x800366 <pxCurrentTCB>
     eb6:	f0 91 67 03 	lds	r31, 0x0367	; 0x800367 <pxCurrentTCB+0x1>
     eba:	96 89       	ldd	r25, Z+22	; 0x16
     ebc:	8e 89       	ldd	r24, Y+22	; 0x16
     ebe:	89 17       	cp	r24, r25
     ec0:	20 f0       	brcs	.+8      	; 0xeca <prvAddNewTaskToReadyList+0x58>
     ec2:	d0 93 67 03 	sts	0x0367, r29	; 0x800367 <pxCurrentTCB+0x1>
     ec6:	c0 93 66 03 	sts	0x0366, r28	; 0x800366 <pxCurrentTCB>
     eca:	80 91 0f 03 	lds	r24, 0x030F	; 0x80030f <uxTaskNumber>
     ece:	8f 5f       	subi	r24, 0xFF	; 255
     ed0:	80 93 0f 03 	sts	0x030F, r24	; 0x80030f <uxTaskNumber>
     ed4:	8e 89       	ldd	r24, Y+22	; 0x16
     ed6:	90 91 15 03 	lds	r25, 0x0315	; 0x800315 <uxTopReadyPriority>
     eda:	98 17       	cp	r25, r24
     edc:	10 f4       	brcc	.+4      	; 0xee2 <prvAddNewTaskToReadyList+0x70>
     ede:	80 93 15 03 	sts	0x0315, r24	; 0x800315 <uxTopReadyPriority>
     ee2:	90 e0       	ldi	r25, 0x00	; 0
     ee4:	fc 01       	movw	r30, r24
     ee6:	ee 0f       	add	r30, r30
     ee8:	ff 1f       	adc	r31, r31
     eea:	ee 0f       	add	r30, r30
     eec:	ff 1f       	adc	r31, r31
     eee:	ee 0f       	add	r30, r30
     ef0:	ff 1f       	adc	r31, r31
     ef2:	8e 0f       	add	r24, r30
     ef4:	9f 1f       	adc	r25, r31
     ef6:	fc 01       	movw	r30, r24
     ef8:	ee 5b       	subi	r30, 0xBE	; 190
     efa:	fc 4f       	sbci	r31, 0xFC	; 252
     efc:	01 80       	ldd	r0, Z+1	; 0x01
     efe:	f2 81       	ldd	r31, Z+2	; 0x02
     f00:	e0 2d       	mov	r30, r0
     f02:	fd 83       	std	Y+5, r31	; 0x05
     f04:	ec 83       	std	Y+4, r30	; 0x04
     f06:	84 81       	ldd	r24, Z+4	; 0x04
     f08:	95 81       	ldd	r25, Z+5	; 0x05
     f0a:	9f 83       	std	Y+7, r25	; 0x07
     f0c:	8e 83       	std	Y+6, r24	; 0x06
     f0e:	a4 81       	ldd	r26, Z+4	; 0x04
     f10:	b5 81       	ldd	r27, Z+5	; 0x05
     f12:	ce 01       	movw	r24, r28
     f14:	02 96       	adiw	r24, 0x02	; 2
     f16:	13 96       	adiw	r26, 0x03	; 3
     f18:	9c 93       	st	X, r25
     f1a:	8e 93       	st	-X, r24
     f1c:	12 97       	sbiw	r26, 0x02	; 2
     f1e:	95 83       	std	Z+5, r25	; 0x05
     f20:	84 83       	std	Z+4, r24	; 0x04
     f22:	ee 89       	ldd	r30, Y+22	; 0x16
     f24:	f0 e0       	ldi	r31, 0x00	; 0
     f26:	cf 01       	movw	r24, r30
     f28:	88 0f       	add	r24, r24
     f2a:	99 1f       	adc	r25, r25
     f2c:	88 0f       	add	r24, r24
     f2e:	99 1f       	adc	r25, r25
     f30:	88 0f       	add	r24, r24
     f32:	99 1f       	adc	r25, r25
     f34:	e8 0f       	add	r30, r24
     f36:	f9 1f       	adc	r31, r25
     f38:	ee 5b       	subi	r30, 0xBE	; 190
     f3a:	fc 4f       	sbci	r31, 0xFC	; 252
     f3c:	fb 87       	std	Y+11, r31	; 0x0b
     f3e:	ea 87       	std	Y+10, r30	; 0x0a
     f40:	80 81       	ld	r24, Z
     f42:	8f 5f       	subi	r24, 0xFF	; 255
     f44:	80 83       	st	Z, r24
     f46:	0f 90       	pop	r0
     f48:	0f be       	out	0x3f, r0	; 63
     f4a:	80 91 14 03 	lds	r24, 0x0314	; 0x800314 <xSchedulerRunning>
     f4e:	88 23       	and	r24, r24
     f50:	51 f0       	breq	.+20     	; 0xf66 <prvAddNewTaskToReadyList+0xf4>
     f52:	e0 91 66 03 	lds	r30, 0x0366	; 0x800366 <pxCurrentTCB>
     f56:	f0 91 67 03 	lds	r31, 0x0367	; 0x800367 <pxCurrentTCB+0x1>
     f5a:	96 89       	ldd	r25, Z+22	; 0x16
     f5c:	8e 89       	ldd	r24, Y+22	; 0x16
     f5e:	98 17       	cp	r25, r24
     f60:	10 f4       	brcc	.+4      	; 0xf66 <prvAddNewTaskToReadyList+0xf4>
     f62:	0e 94 c4 01 	call	0x388	; 0x388 <vPortYield>
     f66:	df 91       	pop	r29
     f68:	cf 91       	pop	r28
     f6a:	08 95       	ret

00000f6c <prvCheckTasksWaitingTermination>:
     f6c:	cf 93       	push	r28
     f6e:	df 93       	push	r29
     f70:	1c c0       	rjmp	.+56     	; 0xfaa <prvCheckTasksWaitingTermination+0x3e>
     f72:	0f b6       	in	r0, 0x3f	; 63
     f74:	f8 94       	cli
     f76:	0f 92       	push	r0
     f78:	e0 91 1f 03 	lds	r30, 0x031F	; 0x80031f <xTasksWaitingTermination+0x5>
     f7c:	f0 91 20 03 	lds	r31, 0x0320	; 0x800320 <xTasksWaitingTermination+0x6>
     f80:	c6 81       	ldd	r28, Z+6	; 0x06
     f82:	d7 81       	ldd	r29, Z+7	; 0x07
     f84:	ce 01       	movw	r24, r28
     f86:	02 96       	adiw	r24, 0x02	; 2
     f88:	0e 94 f5 00 	call	0x1ea	; 0x1ea <uxListRemove>
     f8c:	80 91 18 03 	lds	r24, 0x0318	; 0x800318 <uxCurrentNumberOfTasks>
     f90:	81 50       	subi	r24, 0x01	; 1
     f92:	80 93 18 03 	sts	0x0318, r24	; 0x800318 <uxCurrentNumberOfTasks>
     f96:	80 91 19 03 	lds	r24, 0x0319	; 0x800319 <uxDeletedTasksWaitingCleanUp>
     f9a:	81 50       	subi	r24, 0x01	; 1
     f9c:	80 93 19 03 	sts	0x0319, r24	; 0x800319 <uxDeletedTasksWaitingCleanUp>
     fa0:	0f 90       	pop	r0
     fa2:	0f be       	out	0x3f, r0	; 63
     fa4:	ce 01       	movw	r24, r28
     fa6:	0e 94 4f 06 	call	0xc9e	; 0xc9e <prvDeleteTCB>
     faa:	80 91 19 03 	lds	r24, 0x0319	; 0x800319 <uxDeletedTasksWaitingCleanUp>
     fae:	81 11       	cpse	r24, r1
     fb0:	e0 cf       	rjmp	.-64     	; 0xf72 <prvCheckTasksWaitingTermination+0x6>
     fb2:	df 91       	pop	r29
     fb4:	cf 91       	pop	r28
     fb6:	08 95       	ret

00000fb8 <prvIdleTask>:
     fb8:	0e 94 b6 07 	call	0xf6c	; 0xf6c <prvCheckTasksWaitingTermination>
     fbc:	80 91 42 03 	lds	r24, 0x0342	; 0x800342 <pxReadyTasksLists>
     fc0:	82 30       	cpi	r24, 0x02	; 2
     fc2:	d0 f3       	brcs	.-12     	; 0xfb8 <prvIdleTask>
     fc4:	0e 94 c4 01 	call	0x388	; 0x388 <vPortYield>
     fc8:	f7 cf       	rjmp	.-18     	; 0xfb8 <prvIdleTask>

00000fca <prvAddCurrentTaskToDelayedList>:
     fca:	cf 92       	push	r12
     fcc:	df 92       	push	r13
     fce:	ef 92       	push	r14
     fd0:	ff 92       	push	r15
     fd2:	0f 93       	push	r16
     fd4:	1f 93       	push	r17
     fd6:	cf 93       	push	r28
     fd8:	df 93       	push	r29
     fda:	ec 01       	movw	r28, r24
     fdc:	00 91 16 03 	lds	r16, 0x0316	; 0x800316 <xTickCount>
     fe0:	10 91 17 03 	lds	r17, 0x0317	; 0x800317 <xTickCount+0x1>
     fe4:	e0 90 2e 03 	lds	r14, 0x032E	; 0x80032e <pxDelayedTaskList>
     fe8:	f0 90 2f 03 	lds	r15, 0x032F	; 0x80032f <pxDelayedTaskList+0x1>
     fec:	c0 90 2c 03 	lds	r12, 0x032C	; 0x80032c <pxOverflowDelayedTaskList>
     ff0:	d0 90 2d 03 	lds	r13, 0x032D	; 0x80032d <pxOverflowDelayedTaskList+0x1>
     ff4:	80 91 66 03 	lds	r24, 0x0366	; 0x800366 <pxCurrentTCB>
     ff8:	90 91 67 03 	lds	r25, 0x0367	; 0x800367 <pxCurrentTCB+0x1>
     ffc:	02 96       	adiw	r24, 0x02	; 2
     ffe:	0e 94 f5 00 	call	0x1ea	; 0x1ea <uxListRemove>
    1002:	c0 0f       	add	r28, r16
    1004:	d1 1f       	adc	r29, r17
    1006:	e0 91 66 03 	lds	r30, 0x0366	; 0x800366 <pxCurrentTCB>
    100a:	f0 91 67 03 	lds	r31, 0x0367	; 0x800367 <pxCurrentTCB+0x1>
    100e:	d3 83       	std	Z+3, r29	; 0x03
    1010:	c2 83       	std	Z+2, r28	; 0x02
    1012:	c0 17       	cp	r28, r16
    1014:	d1 07       	cpc	r29, r17
    1016:	50 f4       	brcc	.+20     	; 0x102c <prvAddCurrentTaskToDelayedList+0x62>
    1018:	60 91 66 03 	lds	r22, 0x0366	; 0x800366 <pxCurrentTCB>
    101c:	70 91 67 03 	lds	r23, 0x0367	; 0x800367 <pxCurrentTCB+0x1>
    1020:	6e 5f       	subi	r22, 0xFE	; 254
    1022:	7f 4f       	sbci	r23, 0xFF	; 255
    1024:	c6 01       	movw	r24, r12
    1026:	0e 94 c4 00 	call	0x188	; 0x188 <vListInsert>
    102a:	14 c0       	rjmp	.+40     	; 0x1054 <prvAddCurrentTaskToDelayedList+0x8a>
    102c:	60 91 66 03 	lds	r22, 0x0366	; 0x800366 <pxCurrentTCB>
    1030:	70 91 67 03 	lds	r23, 0x0367	; 0x800367 <pxCurrentTCB+0x1>
    1034:	6e 5f       	subi	r22, 0xFE	; 254
    1036:	7f 4f       	sbci	r23, 0xFF	; 255
    1038:	c7 01       	movw	r24, r14
    103a:	0e 94 c4 00 	call	0x188	; 0x188 <vListInsert>
    103e:	80 91 0d 03 	lds	r24, 0x030D	; 0x80030d <xNextTaskUnblockTime>
    1042:	90 91 0e 03 	lds	r25, 0x030E	; 0x80030e <xNextTaskUnblockTime+0x1>
    1046:	c8 17       	cp	r28, r24
    1048:	d9 07       	cpc	r29, r25
    104a:	20 f4       	brcc	.+8      	; 0x1054 <prvAddCurrentTaskToDelayedList+0x8a>
    104c:	d0 93 0e 03 	sts	0x030E, r29	; 0x80030e <xNextTaskUnblockTime+0x1>
    1050:	c0 93 0d 03 	sts	0x030D, r28	; 0x80030d <xNextTaskUnblockTime>
    1054:	df 91       	pop	r29
    1056:	cf 91       	pop	r28
    1058:	1f 91       	pop	r17
    105a:	0f 91       	pop	r16
    105c:	ff 90       	pop	r15
    105e:	ef 90       	pop	r14
    1060:	df 90       	pop	r13
    1062:	cf 90       	pop	r12
    1064:	08 95       	ret

00001066 <xTaskCreate>:
    1066:	ef 92       	push	r14
    1068:	ff 92       	push	r15
    106a:	0f 93       	push	r16
    106c:	0e 94 b9 06 	call	0xd72	; 0xd72 <prvCreateTask>
    1070:	00 97       	sbiw	r24, 0x00	; 0
    1072:	21 f0       	breq	.+8      	; 0x107c <xTaskCreate+0x16>
    1074:	0e 94 39 07 	call	0xe72	; 0xe72 <prvAddNewTaskToReadyList>
    1078:	81 e0       	ldi	r24, 0x01	; 1
    107a:	01 c0       	rjmp	.+2      	; 0x107e <xTaskCreate+0x18>
    107c:	8f ef       	ldi	r24, 0xFF	; 255
    107e:	0f 91       	pop	r16
    1080:	ff 90       	pop	r15
    1082:	ef 90       	pop	r14
    1084:	08 95       	ret

00001086 <prvCreateIdleTasks>:
    1086:	ef 92       	push	r14
    1088:	ff 92       	push	r15
    108a:	0f 93       	push	r16
    108c:	1f 93       	push	r17
    108e:	cf 93       	push	r28
    1090:	df 93       	push	r29
    1092:	00 d0       	rcall	.+0      	; 0x1094 <prvCreateIdleTasks+0xe>
    1094:	00 d0       	rcall	.+0      	; 0x1096 <prvCreateIdleTasks+0x10>
    1096:	cd b7       	in	r28, 0x3d	; 61
    1098:	de b7       	in	r29, 0x3e	; 62
    109a:	20 e0       	ldi	r18, 0x00	; 0
    109c:	12 c0       	rjmp	.+36     	; 0x10c2 <prvCreateIdleTasks+0x3c>
    109e:	82 2f       	mov	r24, r18
    10a0:	02 2e       	mov	r0, r18
    10a2:	00 0c       	add	r0, r0
    10a4:	99 0b       	sbc	r25, r25
    10a6:	fc 01       	movw	r30, r24
    10a8:	ef 5f       	subi	r30, 0xFF	; 255
    10aa:	fe 4f       	sbci	r31, 0xFE	; 254
    10ac:	30 81       	ld	r19, Z
    10ae:	e1 e0       	ldi	r30, 0x01	; 1
    10b0:	f0 e0       	ldi	r31, 0x00	; 0
    10b2:	ec 0f       	add	r30, r28
    10b4:	fd 1f       	adc	r31, r29
    10b6:	e8 0f       	add	r30, r24
    10b8:	f9 1f       	adc	r31, r25
    10ba:	30 83       	st	Z, r19
    10bc:	33 23       	and	r19, r19
    10be:	19 f0       	breq	.+6      	; 0x10c6 <prvCreateIdleTasks+0x40>
    10c0:	2f 5f       	subi	r18, 0xFF	; 255
    10c2:	24 30       	cpi	r18, 0x04	; 4
    10c4:	64 f3       	brlt	.-40     	; 0x109e <prvCreateIdleTasks+0x18>
    10c6:	10 e0       	ldi	r17, 0x00	; 0
    10c8:	81 e0       	ldi	r24, 0x01	; 1
    10ca:	15 c0       	rjmp	.+42     	; 0x10f6 <prvCreateIdleTasks+0x70>
    10cc:	81 2f       	mov	r24, r17
    10ce:	88 0f       	add	r24, r24
    10d0:	99 0b       	sbc	r25, r25
    10d2:	9c 01       	movw	r18, r24
    10d4:	25 5f       	subi	r18, 0xF5	; 245
    10d6:	3c 4f       	sbci	r19, 0xFC	; 252
    10d8:	79 01       	movw	r14, r18
    10da:	00 e0       	ldi	r16, 0x00	; 0
    10dc:	20 e0       	ldi	r18, 0x00	; 0
    10de:	30 e0       	ldi	r19, 0x00	; 0
    10e0:	4c e3       	ldi	r20, 0x3C	; 60
    10e2:	be 01       	movw	r22, r28
    10e4:	6f 5f       	subi	r22, 0xFF	; 255
    10e6:	7f 4f       	sbci	r23, 0xFF	; 255
    10e8:	8c ed       	ldi	r24, 0xDC	; 220
    10ea:	97 e0       	ldi	r25, 0x07	; 7
    10ec:	0e 94 33 08 	call	0x1066	; 0x1066 <xTaskCreate>
    10f0:	88 23       	and	r24, r24
    10f2:	19 f0       	breq	.+6      	; 0x10fa <prvCreateIdleTasks+0x74>
    10f4:	1f 5f       	subi	r17, 0xFF	; 255
    10f6:	11 16       	cp	r1, r17
    10f8:	4c f7       	brge	.-46     	; 0x10cc <prvCreateIdleTasks+0x46>
    10fa:	0f 90       	pop	r0
    10fc:	0f 90       	pop	r0
    10fe:	0f 90       	pop	r0
    1100:	0f 90       	pop	r0
    1102:	df 91       	pop	r29
    1104:	cf 91       	pop	r28
    1106:	1f 91       	pop	r17
    1108:	0f 91       	pop	r16
    110a:	ff 90       	pop	r15
    110c:	ef 90       	pop	r14
    110e:	08 95       	ret

00001110 <vTaskStartScheduler>:
    1110:	0e 94 43 08 	call	0x1086	; 0x1086 <prvCreateIdleTasks>
    1114:	81 30       	cpi	r24, 0x01	; 1
    1116:	81 f4       	brne	.+32     	; 0x1138 <vTaskStartScheduler+0x28>
    1118:	f8 94       	cli
    111a:	8f ef       	ldi	r24, 0xFF	; 255
    111c:	9f ef       	ldi	r25, 0xFF	; 255
    111e:	90 93 0e 03 	sts	0x030E, r25	; 0x80030e <xNextTaskUnblockTime+0x1>
    1122:	80 93 0d 03 	sts	0x030D, r24	; 0x80030d <xNextTaskUnblockTime>
    1126:	81 e0       	ldi	r24, 0x01	; 1
    1128:	80 93 14 03 	sts	0x0314, r24	; 0x800314 <xSchedulerRunning>
    112c:	10 92 17 03 	sts	0x0317, r1	; 0x800317 <xTickCount+0x1>
    1130:	10 92 16 03 	sts	0x0316, r1	; 0x800316 <xTickCount>
    1134:	0e 94 95 01 	call	0x32a	; 0x32a <xPortStartScheduler>
    1138:	80 91 00 01 	lds	r24, 0x0100	; 0x800100 <__DATA_REGION_ORIGIN__>
    113c:	08 95       	ret

0000113e <vTaskSuspendAll>:
    113e:	80 91 0a 03 	lds	r24, 0x030A	; 0x80030a <uxSchedulerSuspended>
    1142:	8f 5f       	subi	r24, 0xFF	; 255
    1144:	80 93 0a 03 	sts	0x030A, r24	; 0x80030a <uxSchedulerSuspended>
    1148:	08 95       	ret

0000114a <xTaskIncrementTick>:
    114a:	0f 93       	push	r16
    114c:	1f 93       	push	r17
    114e:	cf 93       	push	r28
    1150:	df 93       	push	r29
    1152:	80 91 0a 03 	lds	r24, 0x030A	; 0x80030a <uxSchedulerSuspended>
    1156:	81 11       	cpse	r24, r1
    1158:	01 c1       	rjmp	.+514    	; 0x135c <xTaskIncrementTick+0x212>
    115a:	c0 91 16 03 	lds	r28, 0x0316	; 0x800316 <xTickCount>
    115e:	d0 91 17 03 	lds	r29, 0x0317	; 0x800317 <xTickCount+0x1>
    1162:	8e 01       	movw	r16, r28
    1164:	0f 5f       	subi	r16, 0xFF	; 255
    1166:	1f 4f       	sbci	r17, 0xFF	; 255
    1168:	10 93 17 03 	sts	0x0317, r17	; 0x800317 <xTickCount+0x1>
    116c:	00 93 16 03 	sts	0x0316, r16	; 0x800316 <xTickCount>
    1170:	01 15       	cp	r16, r1
    1172:	11 05       	cpc	r17, r1
    1174:	b9 f4       	brne	.+46     	; 0x11a4 <xTaskIncrementTick+0x5a>
    1176:	80 91 2e 03 	lds	r24, 0x032E	; 0x80032e <pxDelayedTaskList>
    117a:	90 91 2f 03 	lds	r25, 0x032F	; 0x80032f <pxDelayedTaskList+0x1>
    117e:	20 91 2c 03 	lds	r18, 0x032C	; 0x80032c <pxOverflowDelayedTaskList>
    1182:	30 91 2d 03 	lds	r19, 0x032D	; 0x80032d <pxOverflowDelayedTaskList+0x1>
    1186:	30 93 2f 03 	sts	0x032F, r19	; 0x80032f <pxDelayedTaskList+0x1>
    118a:	20 93 2e 03 	sts	0x032E, r18	; 0x80032e <pxDelayedTaskList>
    118e:	90 93 2d 03 	sts	0x032D, r25	; 0x80032d <pxOverflowDelayedTaskList+0x1>
    1192:	80 93 2c 03 	sts	0x032C, r24	; 0x80032c <pxOverflowDelayedTaskList>
    1196:	80 91 10 03 	lds	r24, 0x0310	; 0x800310 <xNumOfOverflows>
    119a:	8f 5f       	subi	r24, 0xFF	; 255
    119c:	80 93 10 03 	sts	0x0310, r24	; 0x800310 <xNumOfOverflows>
    11a0:	0e 94 33 06 	call	0xc66	; 0xc66 <prvResetNextTaskUnblockTime>
    11a4:	80 91 0d 03 	lds	r24, 0x030D	; 0x80030d <xNextTaskUnblockTime>
    11a8:	90 91 0e 03 	lds	r25, 0x030E	; 0x80030e <xNextTaskUnblockTime+0x1>
    11ac:	08 17       	cp	r16, r24
    11ae:	19 07       	cpc	r17, r25
    11b0:	20 f4       	brcc	.+8      	; 0x11ba <xTaskIncrementTick+0x70>
    11b2:	80 e0       	ldi	r24, 0x00	; 0
    11b4:	b8 c0       	rjmp	.+368    	; 0x1326 <xTaskIncrementTick+0x1dc>
    11b6:	81 e0       	ldi	r24, 0x01	; 1
    11b8:	01 c0       	rjmp	.+2      	; 0x11bc <xTaskIncrementTick+0x72>
    11ba:	80 e0       	ldi	r24, 0x00	; 0
    11bc:	e0 91 2e 03 	lds	r30, 0x032E	; 0x80032e <pxDelayedTaskList>
    11c0:	f0 91 2f 03 	lds	r31, 0x032F	; 0x80032f <pxDelayedTaskList+0x1>
    11c4:	90 81       	ld	r25, Z
    11c6:	91 11       	cpse	r25, r1
    11c8:	07 c0       	rjmp	.+14     	; 0x11d8 <xTaskIncrementTick+0x8e>
    11ca:	2f ef       	ldi	r18, 0xFF	; 255
    11cc:	3f ef       	ldi	r19, 0xFF	; 255
    11ce:	30 93 0e 03 	sts	0x030E, r19	; 0x80030e <xNextTaskUnblockTime+0x1>
    11d2:	20 93 0d 03 	sts	0x030D, r18	; 0x80030d <xNextTaskUnblockTime>
    11d6:	a7 c0       	rjmp	.+334    	; 0x1326 <xTaskIncrementTick+0x1dc>
    11d8:	e0 91 2e 03 	lds	r30, 0x032E	; 0x80032e <pxDelayedTaskList>
    11dc:	f0 91 2f 03 	lds	r31, 0x032F	; 0x80032f <pxDelayedTaskList+0x1>
    11e0:	05 80       	ldd	r0, Z+5	; 0x05
    11e2:	f6 81       	ldd	r31, Z+6	; 0x06
    11e4:	e0 2d       	mov	r30, r0
    11e6:	06 80       	ldd	r0, Z+6	; 0x06
    11e8:	f7 81       	ldd	r31, Z+7	; 0x07
    11ea:	e0 2d       	mov	r30, r0
    11ec:	22 81       	ldd	r18, Z+2	; 0x02
    11ee:	33 81       	ldd	r19, Z+3	; 0x03
    11f0:	02 17       	cp	r16, r18
    11f2:	13 07       	cpc	r17, r19
    11f4:	28 f4       	brcc	.+10     	; 0x1200 <xTaskIncrementTick+0xb6>
    11f6:	30 93 0e 03 	sts	0x030E, r19	; 0x80030e <xNextTaskUnblockTime+0x1>
    11fa:	20 93 0d 03 	sts	0x030D, r18	; 0x80030d <xNextTaskUnblockTime>
    11fe:	93 c0       	rjmp	.+294    	; 0x1326 <xTaskIncrementTick+0x1dc>
    1200:	a2 85       	ldd	r26, Z+10	; 0x0a
    1202:	b3 85       	ldd	r27, Z+11	; 0x0b
    1204:	24 81       	ldd	r18, Z+4	; 0x04
    1206:	35 81       	ldd	r19, Z+5	; 0x05
    1208:	46 81       	ldd	r20, Z+6	; 0x06
    120a:	57 81       	ldd	r21, Z+7	; 0x07
    120c:	e9 01       	movw	r28, r18
    120e:	5d 83       	std	Y+5, r21	; 0x05
    1210:	4c 83       	std	Y+4, r20	; 0x04
    1212:	26 81       	ldd	r18, Z+6	; 0x06
    1214:	37 81       	ldd	r19, Z+7	; 0x07
    1216:	44 81       	ldd	r20, Z+4	; 0x04
    1218:	55 81       	ldd	r21, Z+5	; 0x05
    121a:	e9 01       	movw	r28, r18
    121c:	5b 83       	std	Y+3, r21	; 0x03
    121e:	4a 83       	std	Y+2, r20	; 0x02
    1220:	11 96       	adiw	r26, 0x01	; 1
    1222:	2d 91       	ld	r18, X+
    1224:	3c 91       	ld	r19, X
    1226:	12 97       	sbiw	r26, 0x02	; 2
    1228:	af 01       	movw	r20, r30
    122a:	4e 5f       	subi	r20, 0xFE	; 254
    122c:	5f 4f       	sbci	r21, 0xFF	; 255
    122e:	24 17       	cp	r18, r20
    1230:	35 07       	cpc	r19, r21
    1232:	31 f4       	brne	.+12     	; 0x1240 <xTaskIncrementTick+0xf6>
    1234:	26 81       	ldd	r18, Z+6	; 0x06
    1236:	37 81       	ldd	r19, Z+7	; 0x07
    1238:	12 96       	adiw	r26, 0x02	; 2
    123a:	3c 93       	st	X, r19
    123c:	2e 93       	st	-X, r18
    123e:	11 97       	sbiw	r26, 0x01	; 1
    1240:	13 86       	std	Z+11, r1	; 0x0b
    1242:	12 86       	std	Z+10, r1	; 0x0a
    1244:	9c 91       	ld	r25, X
    1246:	91 50       	subi	r25, 0x01	; 1
    1248:	9c 93       	st	X, r25
    124a:	a4 89       	ldd	r26, Z+20	; 0x14
    124c:	b5 89       	ldd	r27, Z+21	; 0x15
    124e:	10 97       	sbiw	r26, 0x00	; 0
    1250:	19 f1       	breq	.+70     	; 0x1298 <xTaskIncrementTick+0x14e>
    1252:	26 85       	ldd	r18, Z+14	; 0x0e
    1254:	37 85       	ldd	r19, Z+15	; 0x0f
    1256:	60 89       	ldd	r22, Z+16	; 0x10
    1258:	71 89       	ldd	r23, Z+17	; 0x11
    125a:	e9 01       	movw	r28, r18
    125c:	7d 83       	std	Y+5, r23	; 0x05
    125e:	6c 83       	std	Y+4, r22	; 0x04
    1260:	20 89       	ldd	r18, Z+16	; 0x10
    1262:	31 89       	ldd	r19, Z+17	; 0x11
    1264:	66 85       	ldd	r22, Z+14	; 0x0e
    1266:	77 85       	ldd	r23, Z+15	; 0x0f
    1268:	e9 01       	movw	r28, r18
    126a:	7b 83       	std	Y+3, r23	; 0x03
    126c:	6a 83       	std	Y+2, r22	; 0x02
    126e:	11 96       	adiw	r26, 0x01	; 1
    1270:	6d 91       	ld	r22, X+
    1272:	7c 91       	ld	r23, X
    1274:	12 97       	sbiw	r26, 0x02	; 2
    1276:	9f 01       	movw	r18, r30
    1278:	24 5f       	subi	r18, 0xF4	; 244
    127a:	3f 4f       	sbci	r19, 0xFF	; 255
    127c:	62 17       	cp	r22, r18
    127e:	73 07       	cpc	r23, r19
    1280:	31 f4       	brne	.+12     	; 0x128e <xTaskIncrementTick+0x144>
    1282:	20 89       	ldd	r18, Z+16	; 0x10
    1284:	31 89       	ldd	r19, Z+17	; 0x11
    1286:	12 96       	adiw	r26, 0x02	; 2
    1288:	3c 93       	st	X, r19
    128a:	2e 93       	st	-X, r18
    128c:	11 97       	sbiw	r26, 0x01	; 1
    128e:	15 8a       	std	Z+21, r1	; 0x15
    1290:	14 8a       	std	Z+20, r1	; 0x14
    1292:	9c 91       	ld	r25, X
    1294:	91 50       	subi	r25, 0x01	; 1
    1296:	9c 93       	st	X, r25
    1298:	26 89       	ldd	r18, Z+22	; 0x16
    129a:	90 91 15 03 	lds	r25, 0x0315	; 0x800315 <uxTopReadyPriority>
    129e:	92 17       	cp	r25, r18
    12a0:	10 f4       	brcc	.+4      	; 0x12a6 <xTaskIncrementTick+0x15c>
    12a2:	20 93 15 03 	sts	0x0315, r18	; 0x800315 <uxTopReadyPriority>
    12a6:	30 e0       	ldi	r19, 0x00	; 0
    12a8:	d9 01       	movw	r26, r18
    12aa:	aa 0f       	add	r26, r26
    12ac:	bb 1f       	adc	r27, r27
    12ae:	aa 0f       	add	r26, r26
    12b0:	bb 1f       	adc	r27, r27
    12b2:	aa 0f       	add	r26, r26
    12b4:	bb 1f       	adc	r27, r27
    12b6:	2a 0f       	add	r18, r26
    12b8:	3b 1f       	adc	r19, r27
    12ba:	d9 01       	movw	r26, r18
    12bc:	ae 5b       	subi	r26, 0xBE	; 190
    12be:	bc 4f       	sbci	r27, 0xFC	; 252
    12c0:	11 96       	adiw	r26, 0x01	; 1
    12c2:	0d 90       	ld	r0, X+
    12c4:	bc 91       	ld	r27, X
    12c6:	a0 2d       	mov	r26, r0
    12c8:	b5 83       	std	Z+5, r27	; 0x05
    12ca:	a4 83       	std	Z+4, r26	; 0x04
    12cc:	14 96       	adiw	r26, 0x04	; 4
    12ce:	2d 91       	ld	r18, X+
    12d0:	3c 91       	ld	r19, X
    12d2:	15 97       	sbiw	r26, 0x05	; 5
    12d4:	37 83       	std	Z+7, r19	; 0x07
    12d6:	26 83       	std	Z+6, r18	; 0x06
    12d8:	14 96       	adiw	r26, 0x04	; 4
    12da:	2d 91       	ld	r18, X+
    12dc:	3c 91       	ld	r19, X
    12de:	15 97       	sbiw	r26, 0x05	; 5
    12e0:	e9 01       	movw	r28, r18
    12e2:	5b 83       	std	Y+3, r21	; 0x03
    12e4:	4a 83       	std	Y+2, r20	; 0x02
    12e6:	15 96       	adiw	r26, 0x05	; 5
    12e8:	5c 93       	st	X, r21
    12ea:	4e 93       	st	-X, r20
    12ec:	14 97       	sbiw	r26, 0x04	; 4
    12ee:	a6 89       	ldd	r26, Z+22	; 0x16
    12f0:	b0 e0       	ldi	r27, 0x00	; 0
    12f2:	9d 01       	movw	r18, r26
    12f4:	22 0f       	add	r18, r18
    12f6:	33 1f       	adc	r19, r19
    12f8:	22 0f       	add	r18, r18
    12fa:	33 1f       	adc	r19, r19
    12fc:	22 0f       	add	r18, r18
    12fe:	33 1f       	adc	r19, r19
    1300:	a2 0f       	add	r26, r18
    1302:	b3 1f       	adc	r27, r19
    1304:	ae 5b       	subi	r26, 0xBE	; 190
    1306:	bc 4f       	sbci	r27, 0xFC	; 252
    1308:	b3 87       	std	Z+11, r27	; 0x0b
    130a:	a2 87       	std	Z+10, r26	; 0x0a
    130c:	9c 91       	ld	r25, X
    130e:	9f 5f       	subi	r25, 0xFF	; 255
    1310:	9c 93       	st	X, r25
    1312:	26 89       	ldd	r18, Z+22	; 0x16
    1314:	e0 91 66 03 	lds	r30, 0x0366	; 0x800366 <pxCurrentTCB>
    1318:	f0 91 67 03 	lds	r31, 0x0367	; 0x800367 <pxCurrentTCB+0x1>
    131c:	96 89       	ldd	r25, Z+22	; 0x16
    131e:	92 17       	cp	r25, r18
    1320:	08 f4       	brcc	.+2      	; 0x1324 <xTaskIncrementTick+0x1da>
    1322:	49 cf       	rjmp	.-366    	; 0x11b6 <xTaskIncrementTick+0x6c>
    1324:	4b cf       	rjmp	.-362    	; 0x11bc <xTaskIncrementTick+0x72>
    1326:	e0 91 66 03 	lds	r30, 0x0366	; 0x800366 <pxCurrentTCB>
    132a:	f0 91 67 03 	lds	r31, 0x0367	; 0x800367 <pxCurrentTCB+0x1>
    132e:	26 89       	ldd	r18, Z+22	; 0x16
    1330:	30 e0       	ldi	r19, 0x00	; 0
    1332:	f9 01       	movw	r30, r18
    1334:	ee 0f       	add	r30, r30
    1336:	ff 1f       	adc	r31, r31
    1338:	ee 0f       	add	r30, r30
    133a:	ff 1f       	adc	r31, r31
    133c:	ee 0f       	add	r30, r30
    133e:	ff 1f       	adc	r31, r31
    1340:	2e 0f       	add	r18, r30
    1342:	3f 1f       	adc	r19, r31
    1344:	f9 01       	movw	r30, r18
    1346:	ee 5b       	subi	r30, 0xBE	; 190
    1348:	fc 4f       	sbci	r31, 0xFC	; 252
    134a:	90 81       	ld	r25, Z
    134c:	92 30       	cpi	r25, 0x02	; 2
    134e:	08 f0       	brcs	.+2      	; 0x1352 <xTaskIncrementTick+0x208>
    1350:	81 e0       	ldi	r24, 0x01	; 1
    1352:	90 91 11 03 	lds	r25, 0x0311	; 0x800311 <xYieldPendings>
    1356:	91 11       	cpse	r25, r1
    1358:	0c c0       	rjmp	.+24     	; 0x1372 <xTaskIncrementTick+0x228>
    135a:	0c c0       	rjmp	.+24     	; 0x1374 <xTaskIncrementTick+0x22a>
    135c:	80 91 12 03 	lds	r24, 0x0312	; 0x800312 <xPendedTicks>
    1360:	90 91 13 03 	lds	r25, 0x0313	; 0x800313 <xPendedTicks+0x1>
    1364:	01 96       	adiw	r24, 0x01	; 1
    1366:	90 93 13 03 	sts	0x0313, r25	; 0x800313 <xPendedTicks+0x1>
    136a:	80 93 12 03 	sts	0x0312, r24	; 0x800312 <xPendedTicks>
    136e:	80 e0       	ldi	r24, 0x00	; 0
    1370:	01 c0       	rjmp	.+2      	; 0x1374 <xTaskIncrementTick+0x22a>
    1372:	81 e0       	ldi	r24, 0x01	; 1
    1374:	df 91       	pop	r29
    1376:	cf 91       	pop	r28
    1378:	1f 91       	pop	r17
    137a:	0f 91       	pop	r16
    137c:	08 95       	ret

0000137e <xTaskResumeAll>:
    137e:	cf 93       	push	r28
    1380:	df 93       	push	r29
    1382:	0f b6       	in	r0, 0x3f	; 63
    1384:	f8 94       	cli
    1386:	0f 92       	push	r0
    1388:	80 91 0a 03 	lds	r24, 0x030A	; 0x80030a <uxSchedulerSuspended>
    138c:	81 50       	subi	r24, 0x01	; 1
    138e:	80 93 0a 03 	sts	0x030A, r24	; 0x80030a <uxSchedulerSuspended>
    1392:	80 91 0a 03 	lds	r24, 0x030A	; 0x80030a <uxSchedulerSuspended>
    1396:	81 11       	cpse	r24, r1
    1398:	c3 c0       	rjmp	.+390    	; 0x1520 <xTaskResumeAll+0x1a2>
    139a:	80 91 18 03 	lds	r24, 0x0318	; 0x800318 <uxCurrentNumberOfTasks>
    139e:	81 11       	cpse	r24, r1
    13a0:	96 c0       	rjmp	.+300    	; 0x14ce <xTaskResumeAll+0x150>
    13a2:	c1 c0       	rjmp	.+386    	; 0x1526 <xTaskResumeAll+0x1a8>
    13a4:	e0 91 28 03 	lds	r30, 0x0328	; 0x800328 <xPendingReadyList+0x5>
    13a8:	f0 91 29 03 	lds	r31, 0x0329	; 0x800329 <xPendingReadyList+0x6>
    13ac:	06 80       	ldd	r0, Z+6	; 0x06
    13ae:	f7 81       	ldd	r31, Z+7	; 0x07
    13b0:	e0 2d       	mov	r30, r0
    13b2:	a4 89       	ldd	r26, Z+20	; 0x14
    13b4:	b5 89       	ldd	r27, Z+21	; 0x15
    13b6:	c6 85       	ldd	r28, Z+14	; 0x0e
    13b8:	d7 85       	ldd	r29, Z+15	; 0x0f
    13ba:	80 89       	ldd	r24, Z+16	; 0x10
    13bc:	91 89       	ldd	r25, Z+17	; 0x11
    13be:	9d 83       	std	Y+5, r25	; 0x05
    13c0:	8c 83       	std	Y+4, r24	; 0x04
    13c2:	c0 89       	ldd	r28, Z+16	; 0x10
    13c4:	d1 89       	ldd	r29, Z+17	; 0x11
    13c6:	86 85       	ldd	r24, Z+14	; 0x0e
    13c8:	97 85       	ldd	r25, Z+15	; 0x0f
    13ca:	9b 83       	std	Y+3, r25	; 0x03
    13cc:	8a 83       	std	Y+2, r24	; 0x02
    13ce:	11 96       	adiw	r26, 0x01	; 1
    13d0:	2d 91       	ld	r18, X+
    13d2:	3c 91       	ld	r19, X
    13d4:	12 97       	sbiw	r26, 0x02	; 2
    13d6:	cf 01       	movw	r24, r30
    13d8:	0c 96       	adiw	r24, 0x0c	; 12
    13da:	28 17       	cp	r18, r24
    13dc:	39 07       	cpc	r19, r25
    13de:	31 f4       	brne	.+12     	; 0x13ec <xTaskResumeAll+0x6e>
    13e0:	80 89       	ldd	r24, Z+16	; 0x10
    13e2:	91 89       	ldd	r25, Z+17	; 0x11
    13e4:	12 96       	adiw	r26, 0x02	; 2
    13e6:	9c 93       	st	X, r25
    13e8:	8e 93       	st	-X, r24
    13ea:	11 97       	sbiw	r26, 0x01	; 1
    13ec:	15 8a       	std	Z+21, r1	; 0x15
    13ee:	14 8a       	std	Z+20, r1	; 0x14
    13f0:	8c 91       	ld	r24, X
    13f2:	81 50       	subi	r24, 0x01	; 1
    13f4:	8c 93       	st	X, r24
    13f6:	a2 85       	ldd	r26, Z+10	; 0x0a
    13f8:	b3 85       	ldd	r27, Z+11	; 0x0b
    13fa:	c4 81       	ldd	r28, Z+4	; 0x04
    13fc:	d5 81       	ldd	r29, Z+5	; 0x05
    13fe:	86 81       	ldd	r24, Z+6	; 0x06
    1400:	97 81       	ldd	r25, Z+7	; 0x07
    1402:	9d 83       	std	Y+5, r25	; 0x05
    1404:	8c 83       	std	Y+4, r24	; 0x04
    1406:	c6 81       	ldd	r28, Z+6	; 0x06
    1408:	d7 81       	ldd	r29, Z+7	; 0x07
    140a:	84 81       	ldd	r24, Z+4	; 0x04
    140c:	95 81       	ldd	r25, Z+5	; 0x05
    140e:	9b 83       	std	Y+3, r25	; 0x03
    1410:	8a 83       	std	Y+2, r24	; 0x02
    1412:	11 96       	adiw	r26, 0x01	; 1
    1414:	8d 91       	ld	r24, X+
    1416:	9c 91       	ld	r25, X
    1418:	12 97       	sbiw	r26, 0x02	; 2
    141a:	9f 01       	movw	r18, r30
    141c:	2e 5f       	subi	r18, 0xFE	; 254
    141e:	3f 4f       	sbci	r19, 0xFF	; 255
    1420:	82 17       	cp	r24, r18
    1422:	93 07       	cpc	r25, r19
    1424:	31 f4       	brne	.+12     	; 0x1432 <xTaskResumeAll+0xb4>
    1426:	86 81       	ldd	r24, Z+6	; 0x06
    1428:	97 81       	ldd	r25, Z+7	; 0x07
    142a:	12 96       	adiw	r26, 0x02	; 2
    142c:	9c 93       	st	X, r25
    142e:	8e 93       	st	-X, r24
    1430:	11 97       	sbiw	r26, 0x01	; 1
    1432:	13 86       	std	Z+11, r1	; 0x0b
    1434:	12 86       	std	Z+10, r1	; 0x0a
    1436:	8c 91       	ld	r24, X
    1438:	81 50       	subi	r24, 0x01	; 1
    143a:	8c 93       	st	X, r24
    143c:	86 89       	ldd	r24, Z+22	; 0x16
    143e:	90 91 15 03 	lds	r25, 0x0315	; 0x800315 <uxTopReadyPriority>
    1442:	98 17       	cp	r25, r24
    1444:	10 f4       	brcc	.+4      	; 0x144a <xTaskResumeAll+0xcc>
    1446:	80 93 15 03 	sts	0x0315, r24	; 0x800315 <uxTopReadyPriority>
    144a:	90 e0       	ldi	r25, 0x00	; 0
    144c:	dc 01       	movw	r26, r24
    144e:	aa 0f       	add	r26, r26
    1450:	bb 1f       	adc	r27, r27
    1452:	aa 0f       	add	r26, r26
    1454:	bb 1f       	adc	r27, r27
    1456:	aa 0f       	add	r26, r26
    1458:	bb 1f       	adc	r27, r27
    145a:	8a 0f       	add	r24, r26
    145c:	9b 1f       	adc	r25, r27
    145e:	dc 01       	movw	r26, r24
    1460:	ae 5b       	subi	r26, 0xBE	; 190
    1462:	bc 4f       	sbci	r27, 0xFC	; 252
    1464:	11 96       	adiw	r26, 0x01	; 1
    1466:	0d 90       	ld	r0, X+
    1468:	bc 91       	ld	r27, X
    146a:	a0 2d       	mov	r26, r0
    146c:	b5 83       	std	Z+5, r27	; 0x05
    146e:	a4 83       	std	Z+4, r26	; 0x04
    1470:	14 96       	adiw	r26, 0x04	; 4
    1472:	8d 91       	ld	r24, X+
    1474:	9c 91       	ld	r25, X
    1476:	15 97       	sbiw	r26, 0x05	; 5
    1478:	97 83       	std	Z+7, r25	; 0x07
    147a:	86 83       	std	Z+6, r24	; 0x06
    147c:	14 96       	adiw	r26, 0x04	; 4
    147e:	cd 91       	ld	r28, X+
    1480:	dc 91       	ld	r29, X
    1482:	15 97       	sbiw	r26, 0x05	; 5
    1484:	3b 83       	std	Y+3, r19	; 0x03
    1486:	2a 83       	std	Y+2, r18	; 0x02
    1488:	15 96       	adiw	r26, 0x05	; 5
    148a:	3c 93       	st	X, r19
    148c:	2e 93       	st	-X, r18
    148e:	14 97       	sbiw	r26, 0x04	; 4
    1490:	a6 89       	ldd	r26, Z+22	; 0x16
    1492:	b0 e0       	ldi	r27, 0x00	; 0
    1494:	cd 01       	movw	r24, r26
    1496:	88 0f       	add	r24, r24
    1498:	99 1f       	adc	r25, r25
    149a:	88 0f       	add	r24, r24
    149c:	99 1f       	adc	r25, r25
    149e:	88 0f       	add	r24, r24
    14a0:	99 1f       	adc	r25, r25
    14a2:	a8 0f       	add	r26, r24
    14a4:	b9 1f       	adc	r27, r25
    14a6:	ae 5b       	subi	r26, 0xBE	; 190
    14a8:	bc 4f       	sbci	r27, 0xFC	; 252
    14aa:	b3 87       	std	Z+11, r27	; 0x0b
    14ac:	a2 87       	std	Z+10, r26	; 0x0a
    14ae:	8c 91       	ld	r24, X
    14b0:	8f 5f       	subi	r24, 0xFF	; 255
    14b2:	8c 93       	st	X, r24
    14b4:	96 89       	ldd	r25, Z+22	; 0x16
    14b6:	a0 91 66 03 	lds	r26, 0x0366	; 0x800366 <pxCurrentTCB>
    14ba:	b0 91 67 03 	lds	r27, 0x0367	; 0x800367 <pxCurrentTCB+0x1>
    14be:	56 96       	adiw	r26, 0x16	; 22
    14c0:	8c 91       	ld	r24, X
    14c2:	89 17       	cp	r24, r25
    14c4:	30 f4       	brcc	.+12     	; 0x14d2 <xTaskResumeAll+0x154>
    14c6:	81 e0       	ldi	r24, 0x01	; 1
    14c8:	80 93 11 03 	sts	0x0311, r24	; 0x800311 <xYieldPendings>
    14cc:	02 c0       	rjmp	.+4      	; 0x14d2 <xTaskResumeAll+0x154>
    14ce:	e0 e0       	ldi	r30, 0x00	; 0
    14d0:	f0 e0       	ldi	r31, 0x00	; 0
    14d2:	80 91 23 03 	lds	r24, 0x0323	; 0x800323 <xPendingReadyList>
    14d6:	81 11       	cpse	r24, r1
    14d8:	65 cf       	rjmp	.-310    	; 0x13a4 <xTaskResumeAll+0x26>
    14da:	ef 2b       	or	r30, r31
    14dc:	11 f0       	breq	.+4      	; 0x14e2 <xTaskResumeAll+0x164>
    14de:	0e 94 33 06 	call	0xc66	; 0xc66 <prvResetNextTaskUnblockTime>
    14e2:	c0 91 12 03 	lds	r28, 0x0312	; 0x800312 <xPendedTicks>
    14e6:	d0 91 13 03 	lds	r29, 0x0313	; 0x800313 <xPendedTicks+0x1>
    14ea:	20 97       	sbiw	r28, 0x00	; 0
    14ec:	69 f0       	breq	.+26     	; 0x1508 <xTaskResumeAll+0x18a>
    14ee:	0e 94 a5 08 	call	0x114a	; 0x114a <xTaskIncrementTick>
    14f2:	88 23       	and	r24, r24
    14f4:	19 f0       	breq	.+6      	; 0x14fc <xTaskResumeAll+0x17e>
    14f6:	81 e0       	ldi	r24, 0x01	; 1
    14f8:	80 93 11 03 	sts	0x0311, r24	; 0x800311 <xYieldPendings>
    14fc:	21 97       	sbiw	r28, 0x01	; 1
    14fe:	b9 f7       	brne	.-18     	; 0x14ee <xTaskResumeAll+0x170>
    1500:	10 92 13 03 	sts	0x0313, r1	; 0x800313 <xPendedTicks+0x1>
    1504:	10 92 12 03 	sts	0x0312, r1	; 0x800312 <xPendedTicks>
    1508:	80 91 11 03 	lds	r24, 0x0311	; 0x800311 <xYieldPendings>
    150c:	88 23       	and	r24, r24
    150e:	51 f0       	breq	.+20     	; 0x1524 <xTaskResumeAll+0x1a6>
    1510:	80 91 66 03 	lds	r24, 0x0366	; 0x800366 <pxCurrentTCB>
    1514:	90 91 67 03 	lds	r25, 0x0367	; 0x800367 <pxCurrentTCB+0x1>
    1518:	0e 94 c4 01 	call	0x388	; 0x388 <vPortYield>
    151c:	81 e0       	ldi	r24, 0x01	; 1
    151e:	03 c0       	rjmp	.+6      	; 0x1526 <xTaskResumeAll+0x1a8>
    1520:	80 e0       	ldi	r24, 0x00	; 0
    1522:	01 c0       	rjmp	.+2      	; 0x1526 <xTaskResumeAll+0x1a8>
    1524:	80 e0       	ldi	r24, 0x00	; 0
    1526:	0f 90       	pop	r0
    1528:	0f be       	out	0x3f, r0	; 63
    152a:	df 91       	pop	r29
    152c:	cf 91       	pop	r28
    152e:	08 95       	ret

00001530 <vTaskDelay>:
    1530:	cf 93       	push	r28
    1532:	df 93       	push	r29
    1534:	ec 01       	movw	r28, r24
    1536:	89 2b       	or	r24, r25
    1538:	49 f0       	breq	.+18     	; 0x154c <vTaskDelay+0x1c>
    153a:	0e 94 9f 08 	call	0x113e	; 0x113e <vTaskSuspendAll>
    153e:	60 e0       	ldi	r22, 0x00	; 0
    1540:	ce 01       	movw	r24, r28
    1542:	0e 94 e5 07 	call	0xfca	; 0xfca <prvAddCurrentTaskToDelayedList>
    1546:	0e 94 bf 09 	call	0x137e	; 0x137e <xTaskResumeAll>
    154a:	01 c0       	rjmp	.+2      	; 0x154e <vTaskDelay+0x1e>
    154c:	80 e0       	ldi	r24, 0x00	; 0
    154e:	81 11       	cpse	r24, r1
    1550:	02 c0       	rjmp	.+4      	; 0x1556 <vTaskDelay+0x26>
    1552:	0e 94 c4 01 	call	0x388	; 0x388 <vPortYield>
    1556:	df 91       	pop	r29
    1558:	cf 91       	pop	r28
    155a:	08 95       	ret

0000155c <vTaskSwitchContext>:
    155c:	80 91 0a 03 	lds	r24, 0x030A	; 0x80030a <uxSchedulerSuspended>
    1560:	88 23       	and	r24, r24
    1562:	21 f0       	breq	.+8      	; 0x156c <vTaskSwitchContext+0x10>
    1564:	81 e0       	ldi	r24, 0x01	; 1
    1566:	80 93 11 03 	sts	0x0311, r24	; 0x800311 <xYieldPendings>
    156a:	08 95       	ret
    156c:	10 92 11 03 	sts	0x0311, r1	; 0x800311 <xYieldPendings>
    1570:	20 91 15 03 	lds	r18, 0x0315	; 0x800315 <uxTopReadyPriority>
    1574:	01 c0       	rjmp	.+2      	; 0x1578 <vTaskSwitchContext+0x1c>
    1576:	21 50       	subi	r18, 0x01	; 1
    1578:	82 2f       	mov	r24, r18
    157a:	90 e0       	ldi	r25, 0x00	; 0
    157c:	fc 01       	movw	r30, r24
    157e:	ee 0f       	add	r30, r30
    1580:	ff 1f       	adc	r31, r31
    1582:	ee 0f       	add	r30, r30
    1584:	ff 1f       	adc	r31, r31
    1586:	ee 0f       	add	r30, r30
    1588:	ff 1f       	adc	r31, r31
    158a:	e8 0f       	add	r30, r24
    158c:	f9 1f       	adc	r31, r25
    158e:	ee 5b       	subi	r30, 0xBE	; 190
    1590:	fc 4f       	sbci	r31, 0xFC	; 252
    1592:	30 81       	ld	r19, Z
    1594:	33 23       	and	r19, r19
    1596:	79 f3       	breq	.-34     	; 0x1576 <vTaskSwitchContext+0x1a>
    1598:	ac 01       	movw	r20, r24
    159a:	44 0f       	add	r20, r20
    159c:	55 1f       	adc	r21, r21
    159e:	44 0f       	add	r20, r20
    15a0:	55 1f       	adc	r21, r21
    15a2:	44 0f       	add	r20, r20
    15a4:	55 1f       	adc	r21, r21
    15a6:	48 0f       	add	r20, r24
    15a8:	59 1f       	adc	r21, r25
    15aa:	fa 01       	movw	r30, r20
    15ac:	ee 5b       	subi	r30, 0xBE	; 190
    15ae:	fc 4f       	sbci	r31, 0xFC	; 252
    15b0:	a1 81       	ldd	r26, Z+1	; 0x01
    15b2:	b2 81       	ldd	r27, Z+2	; 0x02
    15b4:	12 96       	adiw	r26, 0x02	; 2
    15b6:	6d 91       	ld	r22, X+
    15b8:	7c 91       	ld	r23, X
    15ba:	13 97       	sbiw	r26, 0x03	; 3
    15bc:	72 83       	std	Z+2, r23	; 0x02
    15be:	61 83       	std	Z+1, r22	; 0x01
    15c0:	4b 5b       	subi	r20, 0xBB	; 187
    15c2:	5c 4f       	sbci	r21, 0xFC	; 252
    15c4:	64 17       	cp	r22, r20
    15c6:	75 07       	cpc	r23, r21
    15c8:	79 f4       	brne	.+30     	; 0x15e8 <vTaskSwitchContext+0x8c>
    15ca:	fc 01       	movw	r30, r24
    15cc:	ee 0f       	add	r30, r30
    15ce:	ff 1f       	adc	r31, r31
    15d0:	ee 0f       	add	r30, r30
    15d2:	ff 1f       	adc	r31, r31
    15d4:	ee 0f       	add	r30, r30
    15d6:	ff 1f       	adc	r31, r31
    15d8:	e8 0f       	add	r30, r24
    15da:	f9 1f       	adc	r31, r25
    15dc:	ee 5b       	subi	r30, 0xBE	; 190
    15de:	fc 4f       	sbci	r31, 0xFC	; 252
    15e0:	45 81       	ldd	r20, Z+5	; 0x05
    15e2:	56 81       	ldd	r21, Z+6	; 0x06
    15e4:	52 83       	std	Z+2, r21	; 0x02
    15e6:	41 83       	std	Z+1, r20	; 0x01
    15e8:	fc 01       	movw	r30, r24
    15ea:	ee 0f       	add	r30, r30
    15ec:	ff 1f       	adc	r31, r31
    15ee:	ee 0f       	add	r30, r30
    15f0:	ff 1f       	adc	r31, r31
    15f2:	ee 0f       	add	r30, r30
    15f4:	ff 1f       	adc	r31, r31
    15f6:	8e 0f       	add	r24, r30
    15f8:	9f 1f       	adc	r25, r31
    15fa:	fc 01       	movw	r30, r24
    15fc:	ee 5b       	subi	r30, 0xBE	; 190
    15fe:	fc 4f       	sbci	r31, 0xFC	; 252
    1600:	01 80       	ldd	r0, Z+1	; 0x01
    1602:	f2 81       	ldd	r31, Z+2	; 0x02
    1604:	e0 2d       	mov	r30, r0
    1606:	86 81       	ldd	r24, Z+6	; 0x06
    1608:	97 81       	ldd	r25, Z+7	; 0x07
    160a:	90 93 67 03 	sts	0x0367, r25	; 0x800367 <pxCurrentTCB+0x1>
    160e:	80 93 66 03 	sts	0x0366, r24	; 0x800366 <pxCurrentTCB>
    1612:	20 93 15 03 	sts	0x0315, r18	; 0x800315 <uxTopReadyPriority>
    1616:	80 91 66 03 	lds	r24, 0x0366	; 0x800366 <pxCurrentTCB>
    161a:	90 91 67 03 	lds	r25, 0x0367	; 0x800367 <pxCurrentTCB+0x1>
    161e:	08 95       	ret

00001620 <vTaskPlaceOnEventList>:
    1620:	cf 93       	push	r28
    1622:	df 93       	push	r29
    1624:	eb 01       	movw	r28, r22
    1626:	60 91 66 03 	lds	r22, 0x0366	; 0x800366 <pxCurrentTCB>
    162a:	70 91 67 03 	lds	r23, 0x0367	; 0x800367 <pxCurrentTCB+0x1>
    162e:	64 5f       	subi	r22, 0xF4	; 244
    1630:	7f 4f       	sbci	r23, 0xFF	; 255
    1632:	0e 94 c4 00 	call	0x188	; 0x188 <vListInsert>
    1636:	61 e0       	ldi	r22, 0x01	; 1
    1638:	ce 01       	movw	r24, r28
    163a:	0e 94 e5 07 	call	0xfca	; 0xfca <prvAddCurrentTaskToDelayedList>
    163e:	df 91       	pop	r29
    1640:	cf 91       	pop	r28
    1642:	08 95       	ret

00001644 <xTaskRemoveFromEventList>:
    1644:	cf 93       	push	r28
    1646:	df 93       	push	r29
    1648:	dc 01       	movw	r26, r24
    164a:	15 96       	adiw	r26, 0x05	; 5
    164c:	ed 91       	ld	r30, X+
    164e:	fc 91       	ld	r31, X
    1650:	16 97       	sbiw	r26, 0x06	; 6
    1652:	06 80       	ldd	r0, Z+6	; 0x06
    1654:	f7 81       	ldd	r31, Z+7	; 0x07
    1656:	e0 2d       	mov	r30, r0
    1658:	a4 89       	ldd	r26, Z+20	; 0x14
    165a:	b5 89       	ldd	r27, Z+21	; 0x15
    165c:	c6 85       	ldd	r28, Z+14	; 0x0e
    165e:	d7 85       	ldd	r29, Z+15	; 0x0f
    1660:	80 89       	ldd	r24, Z+16	; 0x10
    1662:	91 89       	ldd	r25, Z+17	; 0x11
    1664:	9d 83       	std	Y+5, r25	; 0x05
    1666:	8c 83       	std	Y+4, r24	; 0x04
    1668:	c0 89       	ldd	r28, Z+16	; 0x10
    166a:	d1 89       	ldd	r29, Z+17	; 0x11
    166c:	86 85       	ldd	r24, Z+14	; 0x0e
    166e:	97 85       	ldd	r25, Z+15	; 0x0f
    1670:	9b 83       	std	Y+3, r25	; 0x03
    1672:	8a 83       	std	Y+2, r24	; 0x02
    1674:	11 96       	adiw	r26, 0x01	; 1
    1676:	8d 91       	ld	r24, X+
    1678:	9c 91       	ld	r25, X
    167a:	12 97       	sbiw	r26, 0x02	; 2
    167c:	9f 01       	movw	r18, r30
    167e:	24 5f       	subi	r18, 0xF4	; 244
    1680:	3f 4f       	sbci	r19, 0xFF	; 255
    1682:	82 17       	cp	r24, r18
    1684:	93 07       	cpc	r25, r19
    1686:	31 f4       	brne	.+12     	; 0x1694 <xTaskRemoveFromEventList+0x50>
    1688:	80 89       	ldd	r24, Z+16	; 0x10
    168a:	91 89       	ldd	r25, Z+17	; 0x11
    168c:	12 96       	adiw	r26, 0x02	; 2
    168e:	9c 93       	st	X, r25
    1690:	8e 93       	st	-X, r24
    1692:	11 97       	sbiw	r26, 0x01	; 1
    1694:	15 8a       	std	Z+21, r1	; 0x15
    1696:	14 8a       	std	Z+20, r1	; 0x14
    1698:	8c 91       	ld	r24, X
    169a:	81 50       	subi	r24, 0x01	; 1
    169c:	8c 93       	st	X, r24
    169e:	80 91 0a 03 	lds	r24, 0x030A	; 0x80030a <uxSchedulerSuspended>
    16a2:	81 11       	cpse	r24, r1
    16a4:	60 c0       	rjmp	.+192    	; 0x1766 <xTaskRemoveFromEventList+0x122>
    16a6:	a2 85       	ldd	r26, Z+10	; 0x0a
    16a8:	b3 85       	ldd	r27, Z+11	; 0x0b
    16aa:	c4 81       	ldd	r28, Z+4	; 0x04
    16ac:	d5 81       	ldd	r29, Z+5	; 0x05
    16ae:	86 81       	ldd	r24, Z+6	; 0x06
    16b0:	97 81       	ldd	r25, Z+7	; 0x07
    16b2:	9d 83       	std	Y+5, r25	; 0x05
    16b4:	8c 83       	std	Y+4, r24	; 0x04
    16b6:	c6 81       	ldd	r28, Z+6	; 0x06
    16b8:	d7 81       	ldd	r29, Z+7	; 0x07
    16ba:	84 81       	ldd	r24, Z+4	; 0x04
    16bc:	95 81       	ldd	r25, Z+5	; 0x05
    16be:	9b 83       	std	Y+3, r25	; 0x03
    16c0:	8a 83       	std	Y+2, r24	; 0x02
    16c2:	11 96       	adiw	r26, 0x01	; 1
    16c4:	8d 91       	ld	r24, X+
    16c6:	9c 91       	ld	r25, X
    16c8:	12 97       	sbiw	r26, 0x02	; 2
    16ca:	9f 01       	movw	r18, r30
    16cc:	2e 5f       	subi	r18, 0xFE	; 254
    16ce:	3f 4f       	sbci	r19, 0xFF	; 255
    16d0:	82 17       	cp	r24, r18
    16d2:	93 07       	cpc	r25, r19
    16d4:	31 f4       	brne	.+12     	; 0x16e2 <xTaskRemoveFromEventList+0x9e>
    16d6:	86 81       	ldd	r24, Z+6	; 0x06
    16d8:	97 81       	ldd	r25, Z+7	; 0x07
    16da:	12 96       	adiw	r26, 0x02	; 2
    16dc:	9c 93       	st	X, r25
    16de:	8e 93       	st	-X, r24
    16e0:	11 97       	sbiw	r26, 0x01	; 1
    16e2:	13 86       	std	Z+11, r1	; 0x0b
    16e4:	12 86       	std	Z+10, r1	; 0x0a
    16e6:	8c 91       	ld	r24, X
    16e8:	81 50       	subi	r24, 0x01	; 1
    16ea:	8c 93       	st	X, r24
    16ec:	86 89       	ldd	r24, Z+22	; 0x16
    16ee:	90 91 15 03 	lds	r25, 0x0315	; 0x800315 <uxTopReadyPriority>
    16f2:	98 17       	cp	r25, r24
    16f4:	10 f4       	brcc	.+4      	; 0x16fa <xTaskRemoveFromEventList+0xb6>
    16f6:	80 93 15 03 	sts	0x0315, r24	; 0x800315 <uxTopReadyPriority>
    16fa:	90 e0       	ldi	r25, 0x00	; 0
    16fc:	dc 01       	movw	r26, r24
    16fe:	aa 0f       	add	r26, r26
    1700:	bb 1f       	adc	r27, r27
    1702:	aa 0f       	add	r26, r26
    1704:	bb 1f       	adc	r27, r27
    1706:	aa 0f       	add	r26, r26
    1708:	bb 1f       	adc	r27, r27
    170a:	8a 0f       	add	r24, r26
    170c:	9b 1f       	adc	r25, r27
    170e:	dc 01       	movw	r26, r24
    1710:	ae 5b       	subi	r26, 0xBE	; 190
    1712:	bc 4f       	sbci	r27, 0xFC	; 252
    1714:	11 96       	adiw	r26, 0x01	; 1
    1716:	0d 90       	ld	r0, X+
    1718:	bc 91       	ld	r27, X
    171a:	a0 2d       	mov	r26, r0
    171c:	b5 83       	std	Z+5, r27	; 0x05
    171e:	a4 83       	std	Z+4, r26	; 0x04
    1720:	14 96       	adiw	r26, 0x04	; 4
    1722:	8d 91       	ld	r24, X+
    1724:	9c 91       	ld	r25, X
    1726:	15 97       	sbiw	r26, 0x05	; 5
    1728:	97 83       	std	Z+7, r25	; 0x07
    172a:	86 83       	std	Z+6, r24	; 0x06
    172c:	14 96       	adiw	r26, 0x04	; 4
    172e:	cd 91       	ld	r28, X+
    1730:	dc 91       	ld	r29, X
    1732:	15 97       	sbiw	r26, 0x05	; 5
    1734:	3b 83       	std	Y+3, r19	; 0x03
    1736:	2a 83       	std	Y+2, r18	; 0x02
    1738:	15 96       	adiw	r26, 0x05	; 5
    173a:	3c 93       	st	X, r19
    173c:	2e 93       	st	-X, r18
    173e:	14 97       	sbiw	r26, 0x04	; 4
    1740:	a6 89       	ldd	r26, Z+22	; 0x16
    1742:	b0 e0       	ldi	r27, 0x00	; 0
    1744:	cd 01       	movw	r24, r26
    1746:	88 0f       	add	r24, r24
    1748:	99 1f       	adc	r25, r25
    174a:	88 0f       	add	r24, r24
    174c:	99 1f       	adc	r25, r25
    174e:	88 0f       	add	r24, r24
    1750:	99 1f       	adc	r25, r25
    1752:	a8 0f       	add	r26, r24
    1754:	b9 1f       	adc	r27, r25
    1756:	ae 5b       	subi	r26, 0xBE	; 190
    1758:	bc 4f       	sbci	r27, 0xFC	; 252
    175a:	b3 87       	std	Z+11, r27	; 0x0b
    175c:	a2 87       	std	Z+10, r26	; 0x0a
    175e:	8c 91       	ld	r24, X
    1760:	8f 5f       	subi	r24, 0xFF	; 255
    1762:	8c 93       	st	X, r24
    1764:	1c c0       	rjmp	.+56     	; 0x179e <xTaskRemoveFromEventList+0x15a>
    1766:	43 e2       	ldi	r20, 0x23	; 35
    1768:	53 e0       	ldi	r21, 0x03	; 3
    176a:	da 01       	movw	r26, r20
    176c:	11 96       	adiw	r26, 0x01	; 1
    176e:	cd 91       	ld	r28, X+
    1770:	dc 91       	ld	r29, X
    1772:	12 97       	sbiw	r26, 0x02	; 2
    1774:	d7 87       	std	Z+15, r29	; 0x0f
    1776:	c6 87       	std	Z+14, r28	; 0x0e
    1778:	8c 81       	ldd	r24, Y+4	; 0x04
    177a:	9d 81       	ldd	r25, Y+5	; 0x05
    177c:	91 8b       	std	Z+17, r25	; 0x11
    177e:	80 8b       	std	Z+16, r24	; 0x10
    1780:	8c 81       	ldd	r24, Y+4	; 0x04
    1782:	9d 81       	ldd	r25, Y+5	; 0x05
    1784:	dc 01       	movw	r26, r24
    1786:	13 96       	adiw	r26, 0x03	; 3
    1788:	3c 93       	st	X, r19
    178a:	2e 93       	st	-X, r18
    178c:	12 97       	sbiw	r26, 0x02	; 2
    178e:	3d 83       	std	Y+5, r19	; 0x05
    1790:	2c 83       	std	Y+4, r18	; 0x04
    1792:	55 8b       	std	Z+21, r21	; 0x15
    1794:	44 8b       	std	Z+20, r20	; 0x14
    1796:	da 01       	movw	r26, r20
    1798:	8c 91       	ld	r24, X
    179a:	8f 5f       	subi	r24, 0xFF	; 255
    179c:	8c 93       	st	X, r24
    179e:	96 89       	ldd	r25, Z+22	; 0x16
    17a0:	e0 91 66 03 	lds	r30, 0x0366	; 0x800366 <pxCurrentTCB>
    17a4:	f0 91 67 03 	lds	r31, 0x0367	; 0x800367 <pxCurrentTCB+0x1>
    17a8:	86 89       	ldd	r24, Z+22	; 0x16
    17aa:	89 17       	cp	r24, r25
    17ac:	20 f4       	brcc	.+8      	; 0x17b6 <xTaskRemoveFromEventList+0x172>
    17ae:	81 e0       	ldi	r24, 0x01	; 1
    17b0:	80 93 11 03 	sts	0x0311, r24	; 0x800311 <xYieldPendings>
    17b4:	01 c0       	rjmp	.+2      	; 0x17b8 <xTaskRemoveFromEventList+0x174>
    17b6:	80 e0       	ldi	r24, 0x00	; 0
    17b8:	df 91       	pop	r29
    17ba:	cf 91       	pop	r28
    17bc:	08 95       	ret

000017be <vTaskInternalSetTimeOutState>:
    17be:	20 91 10 03 	lds	r18, 0x0310	; 0x800310 <xNumOfOverflows>
    17c2:	fc 01       	movw	r30, r24
    17c4:	20 83       	st	Z, r18
    17c6:	20 91 16 03 	lds	r18, 0x0316	; 0x800316 <xTickCount>
    17ca:	30 91 17 03 	lds	r19, 0x0317	; 0x800317 <xTickCount+0x1>
    17ce:	32 83       	std	Z+2, r19	; 0x02
    17d0:	21 83       	std	Z+1, r18	; 0x01
    17d2:	08 95       	ret

000017d4 <xTaskCheckForTimeOut>:
    17d4:	cf 93       	push	r28
    17d6:	df 93       	push	r29
    17d8:	0f b6       	in	r0, 0x3f	; 63
    17da:	f8 94       	cli
    17dc:	0f 92       	push	r0
    17de:	40 91 16 03 	lds	r20, 0x0316	; 0x800316 <xTickCount>
    17e2:	50 91 17 03 	lds	r21, 0x0317	; 0x800317 <xTickCount+0x1>
    17e6:	ec 01       	movw	r28, r24
    17e8:	29 81       	ldd	r18, Y+1	; 0x01
    17ea:	3a 81       	ldd	r19, Y+2	; 0x02
    17ec:	da 01       	movw	r26, r20
    17ee:	a2 1b       	sub	r26, r18
    17f0:	b3 0b       	sbc	r27, r19
    17f2:	f8 81       	ld	r31, Y
    17f4:	e0 91 10 03 	lds	r30, 0x0310	; 0x800310 <xNumOfOverflows>
    17f8:	fe 17       	cp	r31, r30
    17fa:	41 f0       	breq	.+16     	; 0x180c <xTaskCheckForTimeOut+0x38>
    17fc:	42 17       	cp	r20, r18
    17fe:	53 07       	cpc	r21, r19
    1800:	28 f0       	brcs	.+10     	; 0x180c <xTaskCheckForTimeOut+0x38>
    1802:	fb 01       	movw	r30, r22
    1804:	11 82       	std	Z+1, r1	; 0x01
    1806:	10 82       	st	Z, r1
    1808:	81 e0       	ldi	r24, 0x01	; 1
    180a:	11 c0       	rjmp	.+34     	; 0x182e <xTaskCheckForTimeOut+0x5a>
    180c:	eb 01       	movw	r28, r22
    180e:	28 81       	ld	r18, Y
    1810:	39 81       	ldd	r19, Y+1	; 0x01
    1812:	a2 17       	cp	r26, r18
    1814:	b3 07       	cpc	r27, r19
    1816:	40 f4       	brcc	.+16     	; 0x1828 <xTaskCheckForTimeOut+0x54>
    1818:	2a 1b       	sub	r18, r26
    181a:	3b 0b       	sbc	r19, r27
    181c:	39 83       	std	Y+1, r19	; 0x01
    181e:	28 83       	st	Y, r18
    1820:	0e 94 df 0b 	call	0x17be	; 0x17be <vTaskInternalSetTimeOutState>
    1824:	80 e0       	ldi	r24, 0x00	; 0
    1826:	03 c0       	rjmp	.+6      	; 0x182e <xTaskCheckForTimeOut+0x5a>
    1828:	19 82       	std	Y+1, r1	; 0x01
    182a:	18 82       	st	Y, r1
    182c:	81 e0       	ldi	r24, 0x01	; 1
    182e:	0f 90       	pop	r0
    1830:	0f be       	out	0x3f, r0	; 63
    1832:	df 91       	pop	r29
    1834:	cf 91       	pop	r28
    1836:	08 95       	ret

00001838 <vTaskMissedYield>:
    1838:	81 e0       	ldi	r24, 0x01	; 1
    183a:	80 93 11 03 	sts	0x0311, r24	; 0x800311 <xYieldPendings>
    183e:	08 95       	ret

00001840 <xTaskPriorityInherit>:
    1840:	0f 93       	push	r16
    1842:	1f 93       	push	r17
    1844:	cf 93       	push	r28
    1846:	df 93       	push	r29
    1848:	fc 01       	movw	r30, r24
    184a:	89 2b       	or	r24, r25
    184c:	09 f4       	brne	.+2      	; 0x1850 <xTaskPriorityInherit+0x10>
    184e:	84 c0       	rjmp	.+264    	; 0x1958 <xTaskPriorityInherit+0x118>
    1850:	26 89       	ldd	r18, Z+22	; 0x16
    1852:	a0 91 66 03 	lds	r26, 0x0366	; 0x800366 <pxCurrentTCB>
    1856:	b0 91 67 03 	lds	r27, 0x0367	; 0x800367 <pxCurrentTCB+0x1>
    185a:	56 96       	adiw	r26, 0x16	; 22
    185c:	8c 91       	ld	r24, X
    185e:	28 17       	cp	r18, r24
    1860:	08 f0       	brcs	.+2      	; 0x1864 <xTaskPriorityInherit+0x24>
    1862:	70 c0       	rjmp	.+224    	; 0x1944 <xTaskPriorityInherit+0x104>
    1864:	84 85       	ldd	r24, Z+12	; 0x0c
    1866:	95 85       	ldd	r25, Z+13	; 0x0d
    1868:	99 23       	and	r25, r25
    186a:	64 f0       	brlt	.+24     	; 0x1884 <xTaskPriorityInherit+0x44>
    186c:	a0 91 66 03 	lds	r26, 0x0366	; 0x800366 <pxCurrentTCB>
    1870:	b0 91 67 03 	lds	r27, 0x0367	; 0x800367 <pxCurrentTCB+0x1>
    1874:	56 96       	adiw	r26, 0x16	; 22
    1876:	3c 91       	ld	r19, X
    1878:	84 e0       	ldi	r24, 0x04	; 4
    187a:	90 e0       	ldi	r25, 0x00	; 0
    187c:	83 1b       	sub	r24, r19
    187e:	91 09       	sbc	r25, r1
    1880:	95 87       	std	Z+13, r25	; 0x0d
    1882:	84 87       	std	Z+12, r24	; 0x0c
    1884:	82 85       	ldd	r24, Z+10	; 0x0a
    1886:	93 85       	ldd	r25, Z+11	; 0x0b
    1888:	30 e0       	ldi	r19, 0x00	; 0
    188a:	a9 01       	movw	r20, r18
    188c:	44 0f       	add	r20, r20
    188e:	55 1f       	adc	r21, r21
    1890:	44 0f       	add	r20, r20
    1892:	55 1f       	adc	r21, r21
    1894:	44 0f       	add	r20, r20
    1896:	55 1f       	adc	r21, r21
    1898:	24 0f       	add	r18, r20
    189a:	35 1f       	adc	r19, r21
    189c:	2e 5b       	subi	r18, 0xBE	; 190
    189e:	3c 4f       	sbci	r19, 0xFC	; 252
    18a0:	82 17       	cp	r24, r18
    18a2:	93 07       	cpc	r25, r19
    18a4:	09 f0       	breq	.+2      	; 0x18a8 <xTaskPriorityInherit+0x68>
    18a6:	45 c0       	rjmp	.+138    	; 0x1932 <xTaskPriorityInherit+0xf2>
    18a8:	ef 01       	movw	r28, r30
    18aa:	8f 01       	movw	r16, r30
    18ac:	0e 5f       	subi	r16, 0xFE	; 254
    18ae:	1f 4f       	sbci	r17, 0xFF	; 255
    18b0:	c8 01       	movw	r24, r16
    18b2:	0e 94 f5 00 	call	0x1ea	; 0x1ea <uxListRemove>
    18b6:	e0 91 66 03 	lds	r30, 0x0366	; 0x800366 <pxCurrentTCB>
    18ba:	f0 91 67 03 	lds	r31, 0x0367	; 0x800367 <pxCurrentTCB+0x1>
    18be:	86 89       	ldd	r24, Z+22	; 0x16
    18c0:	8e 8b       	std	Y+22, r24	; 0x16
    18c2:	90 91 15 03 	lds	r25, 0x0315	; 0x800315 <uxTopReadyPriority>
    18c6:	98 17       	cp	r25, r24
    18c8:	10 f4       	brcc	.+4      	; 0x18ce <xTaskPriorityInherit+0x8e>
    18ca:	80 93 15 03 	sts	0x0315, r24	; 0x800315 <uxTopReadyPriority>
    18ce:	90 e0       	ldi	r25, 0x00	; 0
    18d0:	fc 01       	movw	r30, r24
    18d2:	ee 0f       	add	r30, r30
    18d4:	ff 1f       	adc	r31, r31
    18d6:	ee 0f       	add	r30, r30
    18d8:	ff 1f       	adc	r31, r31
    18da:	ee 0f       	add	r30, r30
    18dc:	ff 1f       	adc	r31, r31
    18de:	8e 0f       	add	r24, r30
    18e0:	9f 1f       	adc	r25, r31
    18e2:	fc 01       	movw	r30, r24
    18e4:	ee 5b       	subi	r30, 0xBE	; 190
    18e6:	fc 4f       	sbci	r31, 0xFC	; 252
    18e8:	01 80       	ldd	r0, Z+1	; 0x01
    18ea:	f2 81       	ldd	r31, Z+2	; 0x02
    18ec:	e0 2d       	mov	r30, r0
    18ee:	fd 83       	std	Y+5, r31	; 0x05
    18f0:	ec 83       	std	Y+4, r30	; 0x04
    18f2:	84 81       	ldd	r24, Z+4	; 0x04
    18f4:	95 81       	ldd	r25, Z+5	; 0x05
    18f6:	9f 83       	std	Y+7, r25	; 0x07
    18f8:	8e 83       	std	Y+6, r24	; 0x06
    18fa:	a4 81       	ldd	r26, Z+4	; 0x04
    18fc:	b5 81       	ldd	r27, Z+5	; 0x05
    18fe:	13 96       	adiw	r26, 0x03	; 3
    1900:	1c 93       	st	X, r17
    1902:	0e 93       	st	-X, r16
    1904:	12 97       	sbiw	r26, 0x02	; 2
    1906:	15 83       	std	Z+5, r17	; 0x05
    1908:	04 83       	std	Z+4, r16	; 0x04
    190a:	8e 89       	ldd	r24, Y+22	; 0x16
    190c:	90 e0       	ldi	r25, 0x00	; 0
    190e:	fc 01       	movw	r30, r24
    1910:	ee 0f       	add	r30, r30
    1912:	ff 1f       	adc	r31, r31
    1914:	ee 0f       	add	r30, r30
    1916:	ff 1f       	adc	r31, r31
    1918:	ee 0f       	add	r30, r30
    191a:	ff 1f       	adc	r31, r31
    191c:	e8 0f       	add	r30, r24
    191e:	f9 1f       	adc	r31, r25
    1920:	ee 5b       	subi	r30, 0xBE	; 190
    1922:	fc 4f       	sbci	r31, 0xFC	; 252
    1924:	fb 87       	std	Y+11, r31	; 0x0b
    1926:	ea 87       	std	Y+10, r30	; 0x0a
    1928:	80 81       	ld	r24, Z
    192a:	8f 5f       	subi	r24, 0xFF	; 255
    192c:	80 83       	st	Z, r24
    192e:	81 e0       	ldi	r24, 0x01	; 1
    1930:	16 c0       	rjmp	.+44     	; 0x195e <xTaskPriorityInherit+0x11e>
    1932:	a0 91 66 03 	lds	r26, 0x0366	; 0x800366 <pxCurrentTCB>
    1936:	b0 91 67 03 	lds	r27, 0x0367	; 0x800367 <pxCurrentTCB+0x1>
    193a:	56 96       	adiw	r26, 0x16	; 22
    193c:	8c 91       	ld	r24, X
    193e:	86 8b       	std	Z+22, r24	; 0x16
    1940:	81 e0       	ldi	r24, 0x01	; 1
    1942:	0d c0       	rjmp	.+26     	; 0x195e <xTaskPriorityInherit+0x11e>
    1944:	95 8d       	ldd	r25, Z+29	; 0x1d
    1946:	e0 91 66 03 	lds	r30, 0x0366	; 0x800366 <pxCurrentTCB>
    194a:	f0 91 67 03 	lds	r31, 0x0367	; 0x800367 <pxCurrentTCB+0x1>
    194e:	86 89       	ldd	r24, Z+22	; 0x16
    1950:	98 17       	cp	r25, r24
    1952:	20 f0       	brcs	.+8      	; 0x195c <xTaskPriorityInherit+0x11c>
    1954:	80 e0       	ldi	r24, 0x00	; 0
    1956:	03 c0       	rjmp	.+6      	; 0x195e <xTaskPriorityInherit+0x11e>
    1958:	80 e0       	ldi	r24, 0x00	; 0
    195a:	01 c0       	rjmp	.+2      	; 0x195e <xTaskPriorityInherit+0x11e>
    195c:	81 e0       	ldi	r24, 0x01	; 1
    195e:	df 91       	pop	r29
    1960:	cf 91       	pop	r28
    1962:	1f 91       	pop	r17
    1964:	0f 91       	pop	r16
    1966:	08 95       	ret

00001968 <xTaskPriorityDisinherit>:
    1968:	0f 93       	push	r16
    196a:	1f 93       	push	r17
    196c:	cf 93       	push	r28
    196e:	df 93       	push	r29
    1970:	fc 01       	movw	r30, r24
    1972:	89 2b       	or	r24, r25
    1974:	09 f4       	brne	.+2      	; 0x1978 <xTaskPriorityDisinherit+0x10>
    1976:	51 c0       	rjmp	.+162    	; 0x1a1a <xTaskPriorityDisinherit+0xb2>
    1978:	86 8d       	ldd	r24, Z+30	; 0x1e
    197a:	81 50       	subi	r24, 0x01	; 1
    197c:	86 8f       	std	Z+30, r24	; 0x1e
    197e:	26 89       	ldd	r18, Z+22	; 0x16
    1980:	95 8d       	ldd	r25, Z+29	; 0x1d
    1982:	29 17       	cp	r18, r25
    1984:	09 f4       	brne	.+2      	; 0x1988 <xTaskPriorityDisinherit+0x20>
    1986:	4b c0       	rjmp	.+150    	; 0x1a1e <xTaskPriorityDisinherit+0xb6>
    1988:	81 11       	cpse	r24, r1
    198a:	4b c0       	rjmp	.+150    	; 0x1a22 <xTaskPriorityDisinherit+0xba>
    198c:	ef 01       	movw	r28, r30
    198e:	8f 01       	movw	r16, r30
    1990:	0e 5f       	subi	r16, 0xFE	; 254
    1992:	1f 4f       	sbci	r17, 0xFF	; 255
    1994:	c8 01       	movw	r24, r16
    1996:	0e 94 f5 00 	call	0x1ea	; 0x1ea <uxListRemove>
    199a:	8d 8d       	ldd	r24, Y+29	; 0x1d
    199c:	8e 8b       	std	Y+22, r24	; 0x16
    199e:	24 e0       	ldi	r18, 0x04	; 4
    19a0:	30 e0       	ldi	r19, 0x00	; 0
    19a2:	28 1b       	sub	r18, r24
    19a4:	31 09       	sbc	r19, r1
    19a6:	3d 87       	std	Y+13, r19	; 0x0d
    19a8:	2c 87       	std	Y+12, r18	; 0x0c
    19aa:	90 91 15 03 	lds	r25, 0x0315	; 0x800315 <uxTopReadyPriority>
    19ae:	98 17       	cp	r25, r24
    19b0:	10 f4       	brcc	.+4      	; 0x19b6 <xTaskPriorityDisinherit+0x4e>
    19b2:	80 93 15 03 	sts	0x0315, r24	; 0x800315 <uxTopReadyPriority>
    19b6:	90 e0       	ldi	r25, 0x00	; 0
    19b8:	fc 01       	movw	r30, r24
    19ba:	ee 0f       	add	r30, r30
    19bc:	ff 1f       	adc	r31, r31
    19be:	ee 0f       	add	r30, r30
    19c0:	ff 1f       	adc	r31, r31
    19c2:	ee 0f       	add	r30, r30
    19c4:	ff 1f       	adc	r31, r31
    19c6:	8e 0f       	add	r24, r30
    19c8:	9f 1f       	adc	r25, r31
    19ca:	fc 01       	movw	r30, r24
    19cc:	ee 5b       	subi	r30, 0xBE	; 190
    19ce:	fc 4f       	sbci	r31, 0xFC	; 252
    19d0:	01 80       	ldd	r0, Z+1	; 0x01
    19d2:	f2 81       	ldd	r31, Z+2	; 0x02
    19d4:	e0 2d       	mov	r30, r0
    19d6:	fd 83       	std	Y+5, r31	; 0x05
    19d8:	ec 83       	std	Y+4, r30	; 0x04
    19da:	84 81       	ldd	r24, Z+4	; 0x04
    19dc:	95 81       	ldd	r25, Z+5	; 0x05
    19de:	9f 83       	std	Y+7, r25	; 0x07
    19e0:	8e 83       	std	Y+6, r24	; 0x06
    19e2:	a4 81       	ldd	r26, Z+4	; 0x04
    19e4:	b5 81       	ldd	r27, Z+5	; 0x05
    19e6:	13 96       	adiw	r26, 0x03	; 3
    19e8:	1c 93       	st	X, r17
    19ea:	0e 93       	st	-X, r16
    19ec:	12 97       	sbiw	r26, 0x02	; 2
    19ee:	15 83       	std	Z+5, r17	; 0x05
    19f0:	04 83       	std	Z+4, r16	; 0x04
    19f2:	ee 89       	ldd	r30, Y+22	; 0x16
    19f4:	f0 e0       	ldi	r31, 0x00	; 0
    19f6:	cf 01       	movw	r24, r30
    19f8:	88 0f       	add	r24, r24
    19fa:	99 1f       	adc	r25, r25
    19fc:	88 0f       	add	r24, r24
    19fe:	99 1f       	adc	r25, r25
    1a00:	88 0f       	add	r24, r24
    1a02:	99 1f       	adc	r25, r25
    1a04:	e8 0f       	add	r30, r24
    1a06:	f9 1f       	adc	r31, r25
    1a08:	ee 5b       	subi	r30, 0xBE	; 190
    1a0a:	fc 4f       	sbci	r31, 0xFC	; 252
    1a0c:	fb 87       	std	Y+11, r31	; 0x0b
    1a0e:	ea 87       	std	Y+10, r30	; 0x0a
    1a10:	80 81       	ld	r24, Z
    1a12:	8f 5f       	subi	r24, 0xFF	; 255
    1a14:	80 83       	st	Z, r24
    1a16:	81 e0       	ldi	r24, 0x01	; 1
    1a18:	05 c0       	rjmp	.+10     	; 0x1a24 <xTaskPriorityDisinherit+0xbc>
    1a1a:	80 e0       	ldi	r24, 0x00	; 0
    1a1c:	03 c0       	rjmp	.+6      	; 0x1a24 <xTaskPriorityDisinherit+0xbc>
    1a1e:	80 e0       	ldi	r24, 0x00	; 0
    1a20:	01 c0       	rjmp	.+2      	; 0x1a24 <xTaskPriorityDisinherit+0xbc>
    1a22:	80 e0       	ldi	r24, 0x00	; 0
    1a24:	df 91       	pop	r29
    1a26:	cf 91       	pop	r28
    1a28:	1f 91       	pop	r17
    1a2a:	0f 91       	pop	r16
    1a2c:	08 95       	ret

00001a2e <vTaskPriorityDisinheritAfterTimeout>:
    1a2e:	0f 93       	push	r16
    1a30:	1f 93       	push	r17
    1a32:	cf 93       	push	r28
    1a34:	df 93       	push	r29
    1a36:	fc 01       	movw	r30, r24
    1a38:	89 2b       	or	r24, r25
    1a3a:	09 f4       	brne	.+2      	; 0x1a3e <vTaskPriorityDisinheritAfterTimeout+0x10>
    1a3c:	66 c0       	rjmp	.+204    	; 0x1b0a <vTaskPriorityDisinheritAfterTimeout+0xdc>
    1a3e:	95 8d       	ldd	r25, Z+29	; 0x1d
    1a40:	96 17       	cp	r25, r22
    1a42:	08 f4       	brcc	.+2      	; 0x1a46 <vTaskPriorityDisinheritAfterTimeout+0x18>
    1a44:	96 2f       	mov	r25, r22
    1a46:	86 89       	ldd	r24, Z+22	; 0x16
    1a48:	98 17       	cp	r25, r24
    1a4a:	09 f4       	brne	.+2      	; 0x1a4e <vTaskPriorityDisinheritAfterTimeout+0x20>
    1a4c:	5e c0       	rjmp	.+188    	; 0x1b0a <vTaskPriorityDisinheritAfterTimeout+0xdc>
    1a4e:	26 8d       	ldd	r18, Z+30	; 0x1e
    1a50:	21 30       	cpi	r18, 0x01	; 1
    1a52:	09 f0       	breq	.+2      	; 0x1a56 <vTaskPriorityDisinheritAfterTimeout+0x28>
    1a54:	5a c0       	rjmp	.+180    	; 0x1b0a <vTaskPriorityDisinheritAfterTimeout+0xdc>
    1a56:	96 8b       	std	Z+22, r25	; 0x16
    1a58:	24 85       	ldd	r18, Z+12	; 0x0c
    1a5a:	35 85       	ldd	r19, Z+13	; 0x0d
    1a5c:	33 23       	and	r19, r19
    1a5e:	34 f0       	brlt	.+12     	; 0x1a6c <vTaskPriorityDisinheritAfterTimeout+0x3e>
    1a60:	24 e0       	ldi	r18, 0x04	; 4
    1a62:	30 e0       	ldi	r19, 0x00	; 0
    1a64:	29 1b       	sub	r18, r25
    1a66:	31 09       	sbc	r19, r1
    1a68:	35 87       	std	Z+13, r19	; 0x0d
    1a6a:	24 87       	std	Z+12, r18	; 0x0c
    1a6c:	22 85       	ldd	r18, Z+10	; 0x0a
    1a6e:	33 85       	ldd	r19, Z+11	; 0x0b
    1a70:	90 e0       	ldi	r25, 0x00	; 0
    1a72:	ac 01       	movw	r20, r24
    1a74:	44 0f       	add	r20, r20
    1a76:	55 1f       	adc	r21, r21
    1a78:	44 0f       	add	r20, r20
    1a7a:	55 1f       	adc	r21, r21
    1a7c:	44 0f       	add	r20, r20
    1a7e:	55 1f       	adc	r21, r21
    1a80:	84 0f       	add	r24, r20
    1a82:	95 1f       	adc	r25, r21
    1a84:	8e 5b       	subi	r24, 0xBE	; 190
    1a86:	9c 4f       	sbci	r25, 0xFC	; 252
    1a88:	28 17       	cp	r18, r24
    1a8a:	39 07       	cpc	r19, r25
    1a8c:	f1 f5       	brne	.+124    	; 0x1b0a <vTaskPriorityDisinheritAfterTimeout+0xdc>
    1a8e:	ef 01       	movw	r28, r30
    1a90:	8f 01       	movw	r16, r30
    1a92:	0e 5f       	subi	r16, 0xFE	; 254
    1a94:	1f 4f       	sbci	r17, 0xFF	; 255
    1a96:	c8 01       	movw	r24, r16
    1a98:	0e 94 f5 00 	call	0x1ea	; 0x1ea <uxListRemove>
    1a9c:	8e 89       	ldd	r24, Y+22	; 0x16
    1a9e:	90 91 15 03 	lds	r25, 0x0315	; 0x800315 <uxTopReadyPriority>
    1aa2:	98 17       	cp	r25, r24
    1aa4:	10 f4       	brcc	.+4      	; 0x1aaa <vTaskPriorityDisinheritAfterTimeout+0x7c>
    1aa6:	80 93 15 03 	sts	0x0315, r24	; 0x800315 <uxTopReadyPriority>
    1aaa:	90 e0       	ldi	r25, 0x00	; 0
    1aac:	fc 01       	movw	r30, r24
    1aae:	ee 0f       	add	r30, r30
    1ab0:	ff 1f       	adc	r31, r31
    1ab2:	ee 0f       	add	r30, r30
    1ab4:	ff 1f       	adc	r31, r31
    1ab6:	ee 0f       	add	r30, r30
    1ab8:	ff 1f       	adc	r31, r31
    1aba:	8e 0f       	add	r24, r30
    1abc:	9f 1f       	adc	r25, r31
    1abe:	fc 01       	movw	r30, r24
    1ac0:	ee 5b       	subi	r30, 0xBE	; 190
    1ac2:	fc 4f       	sbci	r31, 0xFC	; 252
    1ac4:	01 80       	ldd	r0, Z+1	; 0x01
    1ac6:	f2 81       	ldd	r31, Z+2	; 0x02
    1ac8:	e0 2d       	mov	r30, r0
    1aca:	fd 83       	std	Y+5, r31	; 0x05
    1acc:	ec 83       	std	Y+4, r30	; 0x04
    1ace:	84 81       	ldd	r24, Z+4	; 0x04
    1ad0:	95 81       	ldd	r25, Z+5	; 0x05
    1ad2:	9f 83       	std	Y+7, r25	; 0x07
    1ad4:	8e 83       	std	Y+6, r24	; 0x06
    1ad6:	a4 81       	ldd	r26, Z+4	; 0x04
    1ad8:	b5 81       	ldd	r27, Z+5	; 0x05
    1ada:	13 96       	adiw	r26, 0x03	; 3
    1adc:	1c 93       	st	X, r17
    1ade:	0e 93       	st	-X, r16
    1ae0:	12 97       	sbiw	r26, 0x02	; 2
    1ae2:	15 83       	std	Z+5, r17	; 0x05
    1ae4:	04 83       	std	Z+4, r16	; 0x04
    1ae6:	8e 89       	ldd	r24, Y+22	; 0x16
    1ae8:	90 e0       	ldi	r25, 0x00	; 0
    1aea:	fc 01       	movw	r30, r24
    1aec:	ee 0f       	add	r30, r30
    1aee:	ff 1f       	adc	r31, r31
    1af0:	ee 0f       	add	r30, r30
    1af2:	ff 1f       	adc	r31, r31
    1af4:	ee 0f       	add	r30, r30
    1af6:	ff 1f       	adc	r31, r31
    1af8:	e8 0f       	add	r30, r24
    1afa:	f9 1f       	adc	r31, r25
    1afc:	ee 5b       	subi	r30, 0xBE	; 190
    1afe:	fc 4f       	sbci	r31, 0xFC	; 252
    1b00:	fb 87       	std	Y+11, r31	; 0x0b
    1b02:	ea 87       	std	Y+10, r30	; 0x0a
    1b04:	80 81       	ld	r24, Z
    1b06:	8f 5f       	subi	r24, 0xFF	; 255
    1b08:	80 83       	st	Z, r24
    1b0a:	df 91       	pop	r29
    1b0c:	cf 91       	pop	r28
    1b0e:	1f 91       	pop	r17
    1b10:	0f 91       	pop	r16
    1b12:	08 95       	ret

00001b14 <pvTaskIncrementMutexHeldCount>:
    {
        TCB_t * pxTCB;

        traceENTER_pvTaskIncrementMutexHeldCount();

        pxTCB = pxCurrentTCB;
    1b14:	80 91 66 03 	lds	r24, 0x0366	; 0x800366 <pxCurrentTCB>
    1b18:	90 91 67 03 	lds	r25, 0x0367	; 0x800367 <pxCurrentTCB+0x1>

        /* If xSemaphoreCreateMutex() is called before any tasks have been created
         * then pxCurrentTCB will be NULL. */
        if( pxTCB != NULL )
    1b1c:	00 97       	sbiw	r24, 0x00	; 0
    1b1e:	21 f0       	breq	.+8      	; 0x1b28 <pvTaskIncrementMutexHeldCount+0x14>
        {
            ( pxTCB->uxMutexesHeld )++;
    1b20:	fc 01       	movw	r30, r24
    1b22:	26 8d       	ldd	r18, Z+30	; 0x1e
    1b24:	2f 5f       	subi	r18, 0xFF	; 255
    1b26:	26 8f       	std	Z+30, r18	; 0x1e
        }

        traceRETURN_pvTaskIncrementMutexHeldCount( pxTCB );

        return pxTCB;
    }
    1b28:	08 95       	ret

00001b2a <BUTTON_init>:
#include "button.h"


void BUTTON_init(void)
{
    DDRB &= ~(1 << BTN_PIN);   // input
    1b2a:	84 b1       	in	r24, 0x04	; 4
    1b2c:	8f 7d       	andi	r24, 0xDF	; 223
    1b2e:	84 b9       	out	0x04, r24	; 4
    PORTB |= (1 << BTN_PIN);   // pull-up
    1b30:	85 b1       	in	r24, 0x05	; 5
    1b32:	80 62       	ori	r24, 0x20	; 32
    1b34:	85 b9       	out	0x05, r24	; 5
    1b36:	08 95       	ret

00001b38 <BUTTON_read>:
}

uint8_t BUTTON_read(void)
{
    return !(PINB & (1 << BTN_PIN)); // active LOW
    1b38:	83 b1       	in	r24, 0x03	; 3
    1b3a:	82 95       	swap	r24
    1b3c:	86 95       	lsr	r24
    1b3e:	87 70       	andi	r24, 0x07	; 7
    1b40:	91 e0       	ldi	r25, 0x01	; 1
    1b42:	89 27       	eor	r24, r25
    1b44:	81 70       	andi	r24, 0x01	; 1
    1b46:	08 95       	ret

00001b48 <LM35_init>:


void LM35_init(void)
{
    /* AVcc as reference voltage (5V) */
    ADMUX = (1 << REFS0);
    1b48:	80 e4       	ldi	r24, 0x40	; 64
    1b4a:	80 93 7c 00 	sts	0x007C, r24	; 0x80007c <__TEXT_REGION_LENGTH__+0x7fc07c>

    /* Enable ADC, prescaler = 128 (8MHz/128 = 62.5kHz) */
    ADCSRA = (1 << ADEN)  |
    1b4e:	87 e8       	ldi	r24, 0x87	; 135
    1b50:	80 93 7a 00 	sts	0x007A, r24	; 0x80007a <__TEXT_REGION_LENGTH__+0x7fc07a>
    1b54:	08 95       	ret

00001b56 <LM35_read>:
}

uint8_t LM35_read(void)
{
    /* Select ADC channel 0 (PF0) */
    ADMUX = (ADMUX & 0xE0) | (LM35_ADC_CHANNEL & 0x1F);
    1b56:	ec e7       	ldi	r30, 0x7C	; 124
    1b58:	f0 e0       	ldi	r31, 0x00	; 0
    1b5a:	80 81       	ld	r24, Z
    1b5c:	80 7e       	andi	r24, 0xE0	; 224
    1b5e:	80 83       	st	Z, r24

    /* Start conversion */
    ADCSRA |= (1 << ADSC);
    1b60:	ea e7       	ldi	r30, 0x7A	; 122
    1b62:	f0 e0       	ldi	r31, 0x00	; 0
    1b64:	80 81       	ld	r24, Z
    1b66:	80 64       	ori	r24, 0x40	; 64
    1b68:	80 83       	st	Z, r24

    /* Wait until conversion is complete */
    while (ADCSRA & (1 << ADSC));
    1b6a:	80 91 7a 00 	lds	r24, 0x007A	; 0x80007a <__TEXT_REGION_LENGTH__+0x7fc07a>
    1b6e:	86 fd       	sbrc	r24, 6
    1b70:	fc cf       	rjmp	.-8      	; 0x1b6a <LM35_read+0x14>

    /* Convert ADC value to Celsius: (ADC * 500) / 1024 */
    return (uint8_t)((ADC * 500UL) / 1024UL);
    1b72:	20 91 78 00 	lds	r18, 0x0078	; 0x800078 <__TEXT_REGION_LENGTH__+0x7fc078>
    1b76:	30 91 79 00 	lds	r19, 0x0079	; 0x800079 <__TEXT_REGION_LENGTH__+0x7fc079>
    1b7a:	a4 ef       	ldi	r26, 0xF4	; 244
    1b7c:	b1 e0       	ldi	r27, 0x01	; 1
    1b7e:	0e 94 d1 0f 	call	0x1fa2	; 0x1fa2 <__umulhisi3>
    1b82:	dc 01       	movw	r26, r24
    1b84:	cb 01       	movw	r24, r22
    1b86:	07 2e       	mov	r0, r23
    1b88:	7a e0       	ldi	r23, 0x0A	; 10
    1b8a:	b6 95       	lsr	r27
    1b8c:	a7 95       	ror	r26
    1b8e:	97 95       	ror	r25
    1b90:	87 95       	ror	r24
    1b92:	7a 95       	dec	r23
    1b94:	d1 f7       	brne	.-12     	; 0x1b8a <LM35_read+0x34>
    1b96:	70 2d       	mov	r23, r0
    1b98:	08 95       	ret

00001b9a <motor_init>:
#include "motor.h"


 void motor_init(void)
{
	DDRB |= (1 << MOTOR_IN1) | (1 << MOTOR_IN2);
    1b9a:	84 b1       	in	r24, 0x04	; 4
    1b9c:	8c 60       	ori	r24, 0x0C	; 12
    1b9e:	84 b9       	out	0x04, r24	; 4
    1ba0:	08 95       	ret

00001ba2 <motor_forward>:
}

 void motor_forward(void)
{
	PORTB |=  (1 << MOTOR_IN1);
    1ba2:	85 b1       	in	r24, 0x05	; 5
    1ba4:	84 60       	ori	r24, 0x04	; 4
    1ba6:	85 b9       	out	0x05, r24	; 5
	PORTB &= ~(1 << MOTOR_IN2);
    1ba8:	85 b1       	in	r24, 0x05	; 5
    1baa:	87 7f       	andi	r24, 0xF7	; 247
    1bac:	85 b9       	out	0x05, r24	; 5
    1bae:	08 95       	ret

00001bb0 <motor_stop>:
}

 void motor_stop(void)
{
	PORTB &= ~(1 << MOTOR_IN1);
    1bb0:	85 b1       	in	r24, 0x05	; 5
    1bb2:	8b 7f       	andi	r24, 0xFB	; 251
    1bb4:	85 b9       	out	0x05, r24	; 5
	PORTB &= ~(1 << MOTOR_IN2);
    1bb6:	85 b1       	in	r24, 0x05	; 5
    1bb8:	87 7f       	andi	r24, 0xF7	; 247
    1bba:	85 b9       	out	0x05, r24	; 5
    1bbc:	08 95       	ret

00001bbe <uart_send_P>:
   Single-byte R/W is atomic on AVR - no extra protection needed.            */
static volatile uint8_t buttonOverride = 0;


static void uart_send_P(const char *str_P)
{
    1bbe:	cf 93       	push	r28
    1bc0:	df 93       	push	r29
    1bc2:	fc 01       	movw	r30, r24
    char c;
    while ((c = (char)pgm_read_byte(str_P++)))
    1bc4:	03 c0       	rjmp	.+6      	; 0x1bcc <uart_send_P+0xe>
        UART_sendChar(c);
    1bc6:	0e 94 5c 0f 	call	0x1eb8	; 0x1eb8 <UART_sendChar>


static void uart_send_P(const char *str_P)
{
    char c;
    while ((c = (char)pgm_read_byte(str_P++)))
    1bca:	fe 01       	movw	r30, r28
    1bcc:	ef 01       	movw	r28, r30
    1bce:	21 96       	adiw	r28, 0x01	; 1
    1bd0:	84 91       	lpm	r24, Z
    1bd2:	81 11       	cpse	r24, r1
    1bd4:	f8 cf       	rjmp	.-16     	; 0x1bc6 <uart_send_P+0x8>
        UART_sendChar(c);
}
    1bd6:	df 91       	pop	r29
    1bd8:	cf 91       	pop	r28
    1bda:	08 95       	ret

00001bdc <vButtonTask>:

void vButtonTask(void *pv)
{
    1bdc:	cf 93       	push	r28
    1bde:	df 93       	push	r29
    1be0:	1f 92       	push	r1
    1be2:	cd b7       	in	r28, 0x3d	; 61
    1be4:	de b7       	in	r29, 0x3e	; 62
    uint8_t prevState = BUTTON_read();
    1be6:	0e 94 9c 0d 	call	0x1b38	; 0x1b38 <BUTTON_read>
    1bea:	08 2f       	mov	r16, r24

    for (;;)
    {
        uint8_t btnNow = BUTTON_read();
    1bec:	0e 94 9c 0d 	call	0x1b38	; 0x1b38 <BUTTON_read>
    1bf0:	18 2f       	mov	r17, r24

        if (btnNow != prevState)         /* edge detected                     */
    1bf2:	08 17       	cp	r16, r24
    1bf4:	09 f4       	brne	.+2      	; 0x1bf8 <vButtonTask+0x1c>
    1bf6:	45 c0       	rjmp	.+138    	; 0x1c82 <vButtonTask+0xa6>
        {
            

            if (btnNow == 1)             /* button OPEN ? pull-up active      */
    1bf8:	81 30       	cpi	r24, 0x01	; 1
    1bfa:	49 f5       	brne	.+82     	; 0x1c4e <vButtonTask+0x72>
            {
                buttonOverride = 1;
    1bfc:	81 e0       	ldi	r24, 0x01	; 1
    1bfe:	80 93 68 03 	sts	0x0368, r24	; 0x800368 <buttonOverride>
                uint8_t state  = MOTOR_STOP;
    1c02:	19 82       	std	Y+1, r1	; 0x01
                xQueueSend(xMotorQueue, &state, 0);
    1c04:	20 e0       	ldi	r18, 0x00	; 0
    1c06:	40 e0       	ldi	r20, 0x00	; 0
    1c08:	50 e0       	ldi	r21, 0x00	; 0
    1c0a:	be 01       	movw	r22, r28
    1c0c:	6f 5f       	subi	r22, 0xFF	; 255
    1c0e:	7f 4f       	sbci	r23, 0xFF	; 255
    1c10:	80 91 6b 03 	lds	r24, 0x036B	; 0x80036b <xMotorQueue>
    1c14:	90 91 6c 03 	lds	r25, 0x036C	; 0x80036c <xMotorQueue+0x1>
    1c18:	0e 94 43 04 	call	0x886	; 0x886 <xQueueGenericSend>

                xSemaphoreTake(xUARTMutex, portMAX_DELAY);
    1c1c:	6f ef       	ldi	r22, 0xFF	; 255
    1c1e:	7f ef       	ldi	r23, 0xFF	; 255
    1c20:	80 91 69 03 	lds	r24, 0x0369	; 0x800369 <xUARTMutex>
    1c24:	90 91 6a 03 	lds	r25, 0x036A	; 0x80036a <xUARTMutex+0x1>
    1c28:	0e 94 82 05 	call	0xb04	; 0xb04 <xQueueSemaphoreTake>
                uart_send_P(PSTR("[Button] Opened ->OVRRide ON :[Motor State] : STOP\r\n"));
    1c2c:	81 ef       	ldi	r24, 0xF1	; 241
    1c2e:	90 e0       	ldi	r25, 0x00	; 0
    1c30:	0e 94 df 0d 	call	0x1bbe	; 0x1bbe <uart_send_P>
                xSemaphoreGive(xUARTMutex);
    1c34:	20 e0       	ldi	r18, 0x00	; 0
    1c36:	40 e0       	ldi	r20, 0x00	; 0
    1c38:	50 e0       	ldi	r21, 0x00	; 0
    1c3a:	60 e0       	ldi	r22, 0x00	; 0
    1c3c:	70 e0       	ldi	r23, 0x00	; 0
    1c3e:	80 91 69 03 	lds	r24, 0x0369	; 0x800369 <xUARTMutex>
    1c42:	90 91 6a 03 	lds	r25, 0x036A	; 0x80036a <xUARTMutex+0x1>
    1c46:	0e 94 43 04 	call	0x886	; 0x886 <xQueueGenericSend>

                xSemaphoreTake(xUARTMutex, portMAX_DELAY);
                uart_send_P(PSTR("[Button] Pressed ->OVRRIDE OFF:temperatur Control \r\n"));
                xSemaphoreGive(xUARTMutex);
            }
            prevState = btnNow;
    1c4a:	01 2f       	mov	r16, r17
    1c4c:	1a c0       	rjmp	.+52     	; 0x1c82 <vButtonTask+0xa6>
                uart_send_P(PSTR("[Button] Opened ->OVRRide ON :[Motor State] : STOP\r\n"));
                xSemaphoreGive(xUARTMutex);
            }
            else                         /* button PRESS ? pin pulled to GND  */
            {
                buttonOverride = 0;
    1c4e:	10 92 68 03 	sts	0x0368, r1	; 0x800368 <buttonOverride>

                xSemaphoreTake(xUARTMutex, portMAX_DELAY);
    1c52:	6f ef       	ldi	r22, 0xFF	; 255
    1c54:	7f ef       	ldi	r23, 0xFF	; 255
    1c56:	80 91 69 03 	lds	r24, 0x0369	; 0x800369 <xUARTMutex>
    1c5a:	90 91 6a 03 	lds	r25, 0x036A	; 0x80036a <xUARTMutex+0x1>
    1c5e:	0e 94 82 05 	call	0xb04	; 0xb04 <xQueueSemaphoreTake>
                uart_send_P(PSTR("[Button] Pressed ->OVRRIDE OFF:temperatur Control \r\n"));
    1c62:	8c eb       	ldi	r24, 0xBC	; 188
    1c64:	90 e0       	ldi	r25, 0x00	; 0
    1c66:	0e 94 df 0d 	call	0x1bbe	; 0x1bbe <uart_send_P>
                xSemaphoreGive(xUARTMutex);
    1c6a:	20 e0       	ldi	r18, 0x00	; 0
    1c6c:	40 e0       	ldi	r20, 0x00	; 0
    1c6e:	50 e0       	ldi	r21, 0x00	; 0
    1c70:	60 e0       	ldi	r22, 0x00	; 0
    1c72:	70 e0       	ldi	r23, 0x00	; 0
    1c74:	80 91 69 03 	lds	r24, 0x0369	; 0x800369 <xUARTMutex>
    1c78:	90 91 6a 03 	lds	r25, 0x036A	; 0x80036a <xUARTMutex+0x1>
    1c7c:	0e 94 43 04 	call	0x886	; 0x886 <xQueueGenericSend>
            }
            prevState = btnNow;
    1c80:	01 2f       	mov	r16, r17
        }

        vTaskDelay(pdMS_TO_TICKS(50));   
    1c82:	82 e3       	ldi	r24, 0x32	; 50
    1c84:	90 e0       	ldi	r25, 0x00	; 0
    1c86:	0e 94 98 0a 	call	0x1530	; 0x1530 <vTaskDelay>
    }
    1c8a:	b0 cf       	rjmp	.-160    	; 0x1bec <vButtonTask+0x10>

00001c8c <vTempTask>:
}

void vTempTask(void *pv)
{
    1c8c:	cf 93       	push	r28
    1c8e:	df 93       	push	r29
    1c90:	1f 92       	push	r1
    1c92:	cd b7       	in	r28, 0x3d	; 61
    1c94:	de b7       	in	r29, 0x3e	; 62
    for (;;)
    {
        uint8_t temp  = LM35_read();
    1c96:	0e 94 ab 0d 	call	0x1b56	; 0x1b56 <LM35_read>
    1c9a:	18 2f       	mov	r17, r24
        uint8_t state = (temp > TEMP_THRESHOLD) ? MOTOR_FORWARD : MOTOR_STOP;
    1c9c:	81 e0       	ldi	r24, 0x01	; 1
    1c9e:	1a 31       	cpi	r17, 0x1A	; 26
    1ca0:	08 f4       	brcc	.+2      	; 0x1ca4 <vTempTask+0x18>
    1ca2:	80 e0       	ldi	r24, 0x00	; 0
    1ca4:	89 83       	std	Y+1, r24	; 0x01

        xSemaphoreTake(xUARTMutex, portMAX_DELAY);
    1ca6:	6f ef       	ldi	r22, 0xFF	; 255
    1ca8:	7f ef       	ldi	r23, 0xFF	; 255
    1caa:	80 91 69 03 	lds	r24, 0x0369	; 0x800369 <xUARTMutex>
    1cae:	90 91 6a 03 	lds	r25, 0x036A	; 0x80036a <xUARTMutex+0x1>
    1cb2:	0e 94 82 05 	call	0xb04	; 0xb04 <xQueueSemaphoreTake>
        uart_send_P(PSTR("[TMP] T="));
    1cb6:	83 eb       	ldi	r24, 0xB3	; 179
    1cb8:	90 e0       	ldi	r25, 0x00	; 0
    1cba:	0e 94 df 0d 	call	0x1bbe	; 0x1bbe <uart_send_P>
        uart_print_number(temp);
    1cbe:	81 2f       	mov	r24, r17
    1cc0:	0e 94 63 0f 	call	0x1ec6	; 0x1ec6 <uart_print_number>
        uart_send_P(PSTR("C "));
    1cc4:	80 eb       	ldi	r24, 0xB0	; 176
    1cc6:	90 e0       	ldi	r25, 0x00	; 0
    1cc8:	0e 94 df 0d 	call	0x1bbe	; 0x1bbe <uart_send_P>
        uart_send_P((state == MOTOR_FORWARD) ? PSTR("FWD") : PSTR("STOP"));
    1ccc:	89 81       	ldd	r24, Y+1	; 0x01
    1cce:	81 30       	cpi	r24, 0x01	; 1
    1cd0:	19 f4       	brne	.+6      	; 0x1cd8 <vTempTask+0x4c>
    1cd2:	8c ea       	ldi	r24, 0xAC	; 172
    1cd4:	90 e0       	ldi	r25, 0x00	; 0
    1cd6:	02 c0       	rjmp	.+4      	; 0x1cdc <vTempTask+0x50>
    1cd8:	87 ea       	ldi	r24, 0xA7	; 167
    1cda:	90 e0       	ldi	r25, 0x00	; 0
    1cdc:	0e 94 df 0d 	call	0x1bbe	; 0x1bbe <uart_send_P>
        if (buttonOverride) uart_send_P(PSTR(" [OVR]"));
    1ce0:	80 91 68 03 	lds	r24, 0x0368	; 0x800368 <buttonOverride>
    1ce4:	88 23       	and	r24, r24
    1ce6:	21 f0       	breq	.+8      	; 0x1cf0 <vTempTask+0x64>
    1ce8:	80 ea       	ldi	r24, 0xA0	; 160
    1cea:	90 e0       	ldi	r25, 0x00	; 0
    1cec:	0e 94 df 0d 	call	0x1bbe	; 0x1bbe <uart_send_P>
        uart_send_P(PSTR("\r\n"));
    1cf0:	8d e9       	ldi	r24, 0x9D	; 157
    1cf2:	90 e0       	ldi	r25, 0x00	; 0
    1cf4:	0e 94 df 0d 	call	0x1bbe	; 0x1bbe <uart_send_P>
        xSemaphoreGive(xUARTMutex);
    1cf8:	20 e0       	ldi	r18, 0x00	; 0
    1cfa:	40 e0       	ldi	r20, 0x00	; 0
    1cfc:	50 e0       	ldi	r21, 0x00	; 0
    1cfe:	60 e0       	ldi	r22, 0x00	; 0
    1d00:	70 e0       	ldi	r23, 0x00	; 0
    1d02:	80 91 69 03 	lds	r24, 0x0369	; 0x800369 <xUARTMutex>
    1d06:	90 91 6a 03 	lds	r25, 0x036A	; 0x80036a <xUARTMutex+0x1>
    1d0a:	0e 94 43 04 	call	0x886	; 0x886 <xQueueGenericSend>

        if (!buttonOverride)
    1d0e:	80 91 68 03 	lds	r24, 0x0368	; 0x800368 <buttonOverride>
    1d12:	81 11       	cpse	r24, r1
    1d14:	0c c0       	rjmp	.+24     	; 0x1d2e <vTempTask+0xa2>
            xQueueSend(xMotorQueue, &state, 0);
    1d16:	20 e0       	ldi	r18, 0x00	; 0
    1d18:	40 e0       	ldi	r20, 0x00	; 0
    1d1a:	50 e0       	ldi	r21, 0x00	; 0
    1d1c:	be 01       	movw	r22, r28
    1d1e:	6f 5f       	subi	r22, 0xFF	; 255
    1d20:	7f 4f       	sbci	r23, 0xFF	; 255
    1d22:	80 91 6b 03 	lds	r24, 0x036B	; 0x80036b <xMotorQueue>
    1d26:	90 91 6c 03 	lds	r25, 0x036C	; 0x80036c <xMotorQueue+0x1>
    1d2a:	0e 94 43 04 	call	0x886	; 0x886 <xQueueGenericSend>

        vTaskDelay(pdMS_TO_TICKS(500));
    1d2e:	84 ef       	ldi	r24, 0xF4	; 244
    1d30:	91 e0       	ldi	r25, 0x01	; 1
    1d32:	0e 94 98 0a 	call	0x1530	; 0x1530 <vTaskDelay>
    }
    1d36:	af cf       	rjmp	.-162    	; 0x1c96 <vTempTask+0xa>

00001d38 <vMotorTask>:
}

void vMotorTask(void *pv)
{
    1d38:	cf 93       	push	r28
    1d3a:	df 93       	push	r29
    1d3c:	1f 92       	push	r1
    1d3e:	cd b7       	in	r28, 0x3d	; 61
    1d40:	de b7       	in	r29, 0x3e	; 62
    uint8_t state;

    for (;;)
    {
        if (xQueueReceive(xMotorQueue, &state, portMAX_DELAY) == pdTRUE)
    1d42:	4f ef       	ldi	r20, 0xFF	; 255
    1d44:	5f ef       	ldi	r21, 0xFF	; 255
    1d46:	be 01       	movw	r22, r28
    1d48:	6f 5f       	subi	r22, 0xFF	; 255
    1d4a:	7f 4f       	sbci	r23, 0xFF	; 255
    1d4c:	80 91 6b 03 	lds	r24, 0x036B	; 0x80036b <xMotorQueue>
    1d50:	90 91 6c 03 	lds	r25, 0x036C	; 0x80036c <xMotorQueue+0x1>
    1d54:	0e 94 f3 04 	call	0x9e6	; 0x9e6 <xQueueReceive>
    1d58:	81 30       	cpi	r24, 0x01	; 1
    1d5a:	99 f7       	brne	.-26     	; 0x1d42 <vMotorTask+0xa>
        {
            if (state == MOTOR_FORWARD)
    1d5c:	89 81       	ldd	r24, Y+1	; 0x01
    1d5e:	81 30       	cpi	r24, 0x01	; 1
    1d60:	d1 f4       	brne	.+52     	; 0x1d96 <vMotorTask+0x5e>
            {
                motor_forward();
    1d62:	0e 94 d1 0d 	call	0x1ba2	; 0x1ba2 <motor_forward>
                xSemaphoreTake(xUARTMutex, portMAX_DELAY);
    1d66:	6f ef       	ldi	r22, 0xFF	; 255
    1d68:	7f ef       	ldi	r23, 0xFF	; 255
    1d6a:	80 91 69 03 	lds	r24, 0x0369	; 0x800369 <xUARTMutex>
    1d6e:	90 91 6a 03 	lds	r25, 0x036A	; 0x80036a <xUARTMutex+0x1>
    1d72:	0e 94 82 05 	call	0xb04	; 0xb04 <xQueueSemaphoreTake>
                uart_send_P(PSTR("[MTR] FORWARD\r\n"));
    1d76:	8d e8       	ldi	r24, 0x8D	; 141
    1d78:	90 e0       	ldi	r25, 0x00	; 0
    1d7a:	0e 94 df 0d 	call	0x1bbe	; 0x1bbe <uart_send_P>
                xSemaphoreGive(xUARTMutex);
    1d7e:	20 e0       	ldi	r18, 0x00	; 0
    1d80:	40 e0       	ldi	r20, 0x00	; 0
    1d82:	50 e0       	ldi	r21, 0x00	; 0
    1d84:	60 e0       	ldi	r22, 0x00	; 0
    1d86:	70 e0       	ldi	r23, 0x00	; 0
    1d88:	80 91 69 03 	lds	r24, 0x0369	; 0x800369 <xUARTMutex>
    1d8c:	90 91 6a 03 	lds	r25, 0x036A	; 0x80036a <xUARTMutex+0x1>
    1d90:	0e 94 43 04 	call	0x886	; 0x886 <xQueueGenericSend>
    1d94:	d6 cf       	rjmp	.-84     	; 0x1d42 <vMotorTask+0xa>
            }
            else
            {
                motor_stop();
    1d96:	0e 94 d8 0d 	call	0x1bb0	; 0x1bb0 <motor_stop>
                xSemaphoreTake(xUARTMutex, portMAX_DELAY);
    1d9a:	6f ef       	ldi	r22, 0xFF	; 255
    1d9c:	7f ef       	ldi	r23, 0xFF	; 255
    1d9e:	80 91 69 03 	lds	r24, 0x0369	; 0x800369 <xUARTMutex>
    1da2:	90 91 6a 03 	lds	r25, 0x036A	; 0x80036a <xUARTMutex+0x1>
    1da6:	0e 94 82 05 	call	0xb04	; 0xb04 <xQueueSemaphoreTake>
                uart_send_P(PSTR("[MTR] STOPPED\r\n"));
    1daa:	8d e7       	ldi	r24, 0x7D	; 125
    1dac:	90 e0       	ldi	r25, 0x00	; 0
    1dae:	0e 94 df 0d 	call	0x1bbe	; 0x1bbe <uart_send_P>
                xSemaphoreGive(xUARTMutex);
    1db2:	20 e0       	ldi	r18, 0x00	; 0
    1db4:	40 e0       	ldi	r20, 0x00	; 0
    1db6:	50 e0       	ldi	r21, 0x00	; 0
    1db8:	60 e0       	ldi	r22, 0x00	; 0
    1dba:	70 e0       	ldi	r23, 0x00	; 0
    1dbc:	80 91 69 03 	lds	r24, 0x0369	; 0x800369 <xUARTMutex>
    1dc0:	90 91 6a 03 	lds	r25, 0x036A	; 0x80036a <xUARTMutex+0x1>
    1dc4:	0e 94 43 04 	call	0x886	; 0x886 <xQueueGenericSend>
    1dc8:	bc cf       	rjmp	.-136    	; 0x1d42 <vMotorTask+0xa>

00001dca <main>:
    }
}

int main(void)
{
    UART_init(9600);
    1dca:	60 e8       	ldi	r22, 0x80	; 128
    1dcc:	75 e2       	ldi	r23, 0x25	; 37
    1dce:	80 e0       	ldi	r24, 0x00	; 0
    1dd0:	90 e0       	ldi	r25, 0x00	; 0
    1dd2:	0e 94 35 0f 	call	0x1e6a	; 0x1e6a <UART_init>
    LM35_init();
    1dd6:	0e 94 a4 0d 	call	0x1b48	; 0x1b48 <LM35_init>
    BUTTON_init();
    1dda:	0e 94 95 0d 	call	0x1b2a	; 0x1b2a <BUTTON_init>
    motor_init();
    1dde:	0e 94 cd 0d 	call	0x1b9a	; 0x1b9a <motor_init>

    uart_send_P(PSTR("===Lab8 FreeRTOS===\r\n"));
    1de2:	87 e6       	ldi	r24, 0x67	; 103
    1de4:	90 e0       	ldi	r25, 0x00	; 0
    1de6:	0e 94 df 0d 	call	0x1bbe	; 0x1bbe <uart_send_P>

    xMotorQueue = xQueueCreate(1, sizeof(uint8_t));
    1dea:	40 e0       	ldi	r20, 0x00	; 0
    1dec:	61 e0       	ldi	r22, 0x01	; 1
    1dee:	81 e0       	ldi	r24, 0x01	; 1
    1df0:	0e 94 02 04 	call	0x804	; 0x804 <xQueueGenericCreate>
    1df4:	90 93 6c 03 	sts	0x036C, r25	; 0x80036c <xMotorQueue+0x1>
    1df8:	80 93 6b 03 	sts	0x036B, r24	; 0x80036b <xMotorQueue>
    xUARTMutex  = xSemaphoreCreateMutex();
    1dfc:	81 e0       	ldi	r24, 0x01	; 1
    1dfe:	0e 94 e5 04 	call	0x9ca	; 0x9ca <xQueueCreateMutex>
    1e02:	90 93 6a 03 	sts	0x036A, r25	; 0x80036a <xUARTMutex+0x1>
    1e06:	80 93 69 03 	sts	0x0369, r24	; 0x800369 <xUARTMutex>

    if (xMotorQueue == NULL || xUARTMutex == NULL)
    1e0a:	20 91 6b 03 	lds	r18, 0x036B	; 0x80036b <xMotorQueue>
    1e0e:	30 91 6c 03 	lds	r19, 0x036C	; 0x80036c <xMotorQueue+0x1>
    1e12:	23 2b       	or	r18, r19
    1e14:	11 f0       	breq	.+4      	; 0x1e1a <main+0x50>
    1e16:	89 2b       	or	r24, r25
    1e18:	29 f4       	brne	.+10     	; 0x1e24 <main+0x5a>
    {
        uart_send_P(PSTR("ERR:RTOS\r\n"));
    1e1a:	8c e5       	ldi	r24, 0x5C	; 92
    1e1c:	90 e0       	ldi	r25, 0x00	; 0
    1e1e:	0e 94 df 0d 	call	0x1bbe	; 0x1bbe <uart_send_P>
    1e22:	ff cf       	rjmp	.-2      	; 0x1e22 <main+0x58>
        while (1);
    }

 
    xTaskCreate(vButtonTask, "BTN", configMINIMAL_STACK_SIZE, NULL, 3, NULL);
    1e24:	e1 2c       	mov	r14, r1
    1e26:	f1 2c       	mov	r15, r1
    1e28:	03 e0       	ldi	r16, 0x03	; 3
    1e2a:	20 e0       	ldi	r18, 0x00	; 0
    1e2c:	30 e0       	ldi	r19, 0x00	; 0
    1e2e:	4c e3       	ldi	r20, 0x3C	; 60
    1e30:	66 e0       	ldi	r22, 0x06	; 6
    1e32:	71 e0       	ldi	r23, 0x01	; 1
    1e34:	8e ee       	ldi	r24, 0xEE	; 238
    1e36:	9d e0       	ldi	r25, 0x0D	; 13
    1e38:	0e 94 33 08 	call	0x1066	; 0x1066 <xTaskCreate>
    xTaskCreate(vTempTask,   "TMP", configMINIMAL_STACK_SIZE, NULL, 2, NULL);
    1e3c:	02 e0       	ldi	r16, 0x02	; 2
    1e3e:	20 e0       	ldi	r18, 0x00	; 0
    1e40:	30 e0       	ldi	r19, 0x00	; 0
    1e42:	4c e3       	ldi	r20, 0x3C	; 60
    1e44:	6a e0       	ldi	r22, 0x0A	; 10
    1e46:	71 e0       	ldi	r23, 0x01	; 1
    1e48:	86 e4       	ldi	r24, 0x46	; 70
    1e4a:	9e e0       	ldi	r25, 0x0E	; 14
    1e4c:	0e 94 33 08 	call	0x1066	; 0x1066 <xTaskCreate>
    xTaskCreate(vMotorTask,  "MTR", configMINIMAL_STACK_SIZE, NULL, 1, NULL);
    1e50:	01 e0       	ldi	r16, 0x01	; 1
    1e52:	20 e0       	ldi	r18, 0x00	; 0
    1e54:	30 e0       	ldi	r19, 0x00	; 0
    1e56:	4c e3       	ldi	r20, 0x3C	; 60
    1e58:	6e e0       	ldi	r22, 0x0E	; 14
    1e5a:	71 e0       	ldi	r23, 0x01	; 1
    1e5c:	8c e9       	ldi	r24, 0x9C	; 156
    1e5e:	9e e0       	ldi	r25, 0x0E	; 14
    1e60:	0e 94 33 08 	call	0x1066	; 0x1066 <xTaskCreate>

    vTaskStartScheduler();
    1e64:	0e 94 88 08 	call	0x1110	; 0x1110 <vTaskStartScheduler>
    1e68:	ff cf       	rjmp	.-2      	; 0x1e68 <main+0x9e>

00001e6a <UART_init>:

void UART_sendString(const char *str)
{
    while (*str)
        UART_sendChar(*str++);
}
    1e6a:	dc 01       	movw	r26, r24
    1e6c:	cb 01       	movw	r24, r22
    1e6e:	88 0f       	add	r24, r24
    1e70:	99 1f       	adc	r25, r25
    1e72:	aa 1f       	adc	r26, r26
    1e74:	bb 1f       	adc	r27, r27
    1e76:	88 0f       	add	r24, r24
    1e78:	99 1f       	adc	r25, r25
    1e7a:	aa 1f       	adc	r26, r26
    1e7c:	bb 1f       	adc	r27, r27
    1e7e:	9c 01       	movw	r18, r24
    1e80:	ad 01       	movw	r20, r26
    1e82:	22 0f       	add	r18, r18
    1e84:	33 1f       	adc	r19, r19
    1e86:	44 1f       	adc	r20, r20
    1e88:	55 1f       	adc	r21, r21
    1e8a:	22 0f       	add	r18, r18
    1e8c:	33 1f       	adc	r19, r19
    1e8e:	44 1f       	adc	r20, r20
    1e90:	55 1f       	adc	r21, r21
    1e92:	60 e0       	ldi	r22, 0x00	; 0
    1e94:	72 e1       	ldi	r23, 0x12	; 18
    1e96:	8a e7       	ldi	r24, 0x7A	; 122
    1e98:	90 e0       	ldi	r25, 0x00	; 0
    1e9a:	0e 94 af 0f 	call	0x1f5e	; 0x1f5e <__udivmodsi4>
    1e9e:	21 50       	subi	r18, 0x01	; 1
    1ea0:	31 09       	sbc	r19, r1
    1ea2:	30 93 c5 00 	sts	0x00C5, r19	; 0x8000c5 <__TEXT_REGION_LENGTH__+0x7fc0c5>
    1ea6:	20 93 c4 00 	sts	0x00C4, r18	; 0x8000c4 <__TEXT_REGION_LENGTH__+0x7fc0c4>
    1eaa:	88 e0       	ldi	r24, 0x08	; 8
    1eac:	80 93 c1 00 	sts	0x00C1, r24	; 0x8000c1 <__TEXT_REGION_LENGTH__+0x7fc0c1>
    1eb0:	86 e0       	ldi	r24, 0x06	; 6
    1eb2:	80 93 c2 00 	sts	0x00C2, r24	; 0x8000c2 <__TEXT_REGION_LENGTH__+0x7fc0c2>
    1eb6:	08 95       	ret

00001eb8 <UART_sendChar>:
    1eb8:	90 91 c0 00 	lds	r25, 0x00C0	; 0x8000c0 <__TEXT_REGION_LENGTH__+0x7fc0c0>
    1ebc:	95 ff       	sbrs	r25, 5
    1ebe:	fc cf       	rjmp	.-8      	; 0x1eb8 <UART_sendChar>
    1ec0:	80 93 c6 00 	sts	0x00C6, r24	; 0x8000c6 <__TEXT_REGION_LENGTH__+0x7fc0c6>
    1ec4:	08 95       	ret

00001ec6 <uart_print_number>:

 void uart_print_number(uint8_t num)
{
    1ec6:	cf 93       	push	r28
    1ec8:	c8 2f       	mov	r28, r24
	if (num >= 100)
    1eca:	84 36       	cpi	r24, 0x64	; 100
    1ecc:	48 f0       	brcs	.+18     	; 0x1ee0 <uart_print_number+0x1a>
	UART_sendChar('0' + (num / 100));
    1ece:	89 e2       	ldi	r24, 0x29	; 41
    1ed0:	c8 9f       	mul	r28, r24
    1ed2:	81 2d       	mov	r24, r1
    1ed4:	11 24       	eor	r1, r1
    1ed6:	82 95       	swap	r24
    1ed8:	8f 70       	andi	r24, 0x0F	; 15
    1eda:	80 5d       	subi	r24, 0xD0	; 208
    1edc:	0e 94 5c 0f 	call	0x1eb8	; 0x1eb8 <UART_sendChar>
	if (num >= 10)
    1ee0:	ca 30       	cpi	r28, 0x0A	; 10
    1ee2:	b0 f0       	brcs	.+44     	; 0x1f10 <uart_print_number+0x4a>
	UART_sendChar('0' + ((num / 10) % 10));
    1ee4:	9d ec       	ldi	r25, 0xCD	; 205
    1ee6:	c9 9f       	mul	r28, r25
    1ee8:	81 2d       	mov	r24, r1
    1eea:	11 24       	eor	r1, r1
    1eec:	86 95       	lsr	r24
    1eee:	86 95       	lsr	r24
    1ef0:	86 95       	lsr	r24
    1ef2:	89 9f       	mul	r24, r25
    1ef4:	91 2d       	mov	r25, r1
    1ef6:	11 24       	eor	r1, r1
    1ef8:	96 95       	lsr	r25
    1efa:	96 95       	lsr	r25
    1efc:	96 95       	lsr	r25
    1efe:	99 0f       	add	r25, r25
    1f00:	29 2f       	mov	r18, r25
    1f02:	22 0f       	add	r18, r18
    1f04:	22 0f       	add	r18, r18
    1f06:	92 0f       	add	r25, r18
    1f08:	89 1b       	sub	r24, r25
    1f0a:	80 5d       	subi	r24, 0xD0	; 208
    1f0c:	0e 94 5c 0f 	call	0x1eb8	; 0x1eb8 <UART_sendChar>
	UART_sendChar('0' + (num % 10));
    1f10:	9d ec       	ldi	r25, 0xCD	; 205
    1f12:	c9 9f       	mul	r28, r25
    1f14:	91 2d       	mov	r25, r1
    1f16:	11 24       	eor	r1, r1
    1f18:	96 95       	lsr	r25
    1f1a:	96 95       	lsr	r25
    1f1c:	96 95       	lsr	r25
    1f1e:	99 0f       	add	r25, r25
    1f20:	89 2f       	mov	r24, r25
    1f22:	88 0f       	add	r24, r24
    1f24:	88 0f       	add	r24, r24
    1f26:	98 0f       	add	r25, r24
    1f28:	8c 2f       	mov	r24, r28
    1f2a:	89 1b       	sub	r24, r25
    1f2c:	80 5d       	subi	r24, 0xD0	; 208
    1f2e:	0e 94 5c 0f 	call	0x1eb8	; 0x1eb8 <UART_sendChar>
    1f32:	cf 91       	pop	r28
    1f34:	08 95       	ret

00001f36 <__udivmodhi4>:
    1f36:	aa 1b       	sub	r26, r26
    1f38:	bb 1b       	sub	r27, r27
    1f3a:	51 e1       	ldi	r21, 0x11	; 17
    1f3c:	07 c0       	rjmp	.+14     	; 0x1f4c <__udivmodhi4_ep>

00001f3e <__udivmodhi4_loop>:
    1f3e:	aa 1f       	adc	r26, r26
    1f40:	bb 1f       	adc	r27, r27
    1f42:	a6 17       	cp	r26, r22
    1f44:	b7 07       	cpc	r27, r23
    1f46:	10 f0       	brcs	.+4      	; 0x1f4c <__udivmodhi4_ep>
    1f48:	a6 1b       	sub	r26, r22
    1f4a:	b7 0b       	sbc	r27, r23

00001f4c <__udivmodhi4_ep>:
    1f4c:	88 1f       	adc	r24, r24
    1f4e:	99 1f       	adc	r25, r25
    1f50:	5a 95       	dec	r21
    1f52:	a9 f7       	brne	.-22     	; 0x1f3e <__udivmodhi4_loop>
    1f54:	80 95       	com	r24
    1f56:	90 95       	com	r25
    1f58:	bc 01       	movw	r22, r24
    1f5a:	cd 01       	movw	r24, r26
    1f5c:	08 95       	ret

00001f5e <__udivmodsi4>:
    1f5e:	a1 e2       	ldi	r26, 0x21	; 33
    1f60:	1a 2e       	mov	r1, r26
    1f62:	aa 1b       	sub	r26, r26
    1f64:	bb 1b       	sub	r27, r27
    1f66:	fd 01       	movw	r30, r26
    1f68:	0d c0       	rjmp	.+26     	; 0x1f84 <__udivmodsi4_ep>

00001f6a <__udivmodsi4_loop>:
    1f6a:	aa 1f       	adc	r26, r26
    1f6c:	bb 1f       	adc	r27, r27
    1f6e:	ee 1f       	adc	r30, r30
    1f70:	ff 1f       	adc	r31, r31
    1f72:	a2 17       	cp	r26, r18
    1f74:	b3 07       	cpc	r27, r19
    1f76:	e4 07       	cpc	r30, r20
    1f78:	f5 07       	cpc	r31, r21
    1f7a:	20 f0       	brcs	.+8      	; 0x1f84 <__udivmodsi4_ep>
    1f7c:	a2 1b       	sub	r26, r18
    1f7e:	b3 0b       	sbc	r27, r19
    1f80:	e4 0b       	sbc	r30, r20
    1f82:	f5 0b       	sbc	r31, r21

00001f84 <__udivmodsi4_ep>:
    1f84:	66 1f       	adc	r22, r22
    1f86:	77 1f       	adc	r23, r23
    1f88:	88 1f       	adc	r24, r24
    1f8a:	99 1f       	adc	r25, r25
    1f8c:	1a 94       	dec	r1
    1f8e:	69 f7       	brne	.-38     	; 0x1f6a <__udivmodsi4_loop>
    1f90:	60 95       	com	r22
    1f92:	70 95       	com	r23
    1f94:	80 95       	com	r24
    1f96:	90 95       	com	r25
    1f98:	9b 01       	movw	r18, r22
    1f9a:	ac 01       	movw	r20, r24
    1f9c:	bd 01       	movw	r22, r26
    1f9e:	cf 01       	movw	r24, r30
    1fa0:	08 95       	ret

00001fa2 <__umulhisi3>:
    1fa2:	a2 9f       	mul	r26, r18
    1fa4:	b0 01       	movw	r22, r0
    1fa6:	b3 9f       	mul	r27, r19
    1fa8:	c0 01       	movw	r24, r0
    1faa:	a3 9f       	mul	r26, r19
    1fac:	70 0d       	add	r23, r0
    1fae:	81 1d       	adc	r24, r1
    1fb0:	11 24       	eor	r1, r1
    1fb2:	91 1d       	adc	r25, r1
    1fb4:	b2 9f       	mul	r27, r18
    1fb6:	70 0d       	add	r23, r0
    1fb8:	81 1d       	adc	r24, r1
    1fba:	11 24       	eor	r1, r1
    1fbc:	91 1d       	adc	r25, r1
    1fbe:	08 95       	ret

00001fc0 <memcpy>:
    1fc0:	fb 01       	movw	r30, r22
    1fc2:	dc 01       	movw	r26, r24
    1fc4:	02 c0       	rjmp	.+4      	; 0x1fca <memcpy+0xa>
    1fc6:	01 90       	ld	r0, Z+
    1fc8:	0d 92       	st	X+, r0
    1fca:	41 50       	subi	r20, 0x01	; 1
    1fcc:	50 40       	sbci	r21, 0x00	; 0
    1fce:	d8 f7       	brcc	.-10     	; 0x1fc6 <memcpy+0x6>
    1fd0:	08 95       	ret

00001fd2 <_exit>:
    1fd2:	f8 94       	cli

00001fd4 <__stop_program>:
    1fd4:	ff cf       	rjmp	.-2      	; 0x1fd4 <__stop_program>
